Date,stocktotal,stockgasoline,stockdistilled,pricegasoline,pricedistilled,consgasoline,consdistilled,gdp
"Mar 18, 1994",221918,180518,98771,42294,46452,52647,23835,7136.3
"Mar 25, 1994",216977,178229,97215,42504,46494,52367,23198,7136.3
"Apr 01, 1994",213868,176237,99172,42462,46578,51786,20321,7269.8
"Apr 08, 1994",211837,174298,97442,43176,46536,50309,24689,7269.8
"Apr 15, 1994",210367,172548,99302,43386,46410,54040,20678,7269.8
"Apr 22, 1994",215827,177587,97913,43554,46452,49294,25543,7269.8
"Apr 29, 1994",215173,176408,101258,43680,46368,55244,22813,7269.8
"May 06, 1994",220806,182882,102692,43890,46242,47768,22533,7269.8
"May 13, 1994",221215,183229,106128,43932,46158,52864,20342,7269.8
"May 20, 1994",217833,181364,104418,44100,46158,55566,23961,7269.8
"May 27, 1994",214405,179056,107136,44352,46116,56196,21364,7269.8
"Jun 03, 1994",216725,180397,111284,44730,46242,52227,20090,7269.8
"Jun 10, 1994",216815,180415,113247,45066,46116,54390,21490,7269.8
"Jun 17, 1994",215440,179024,116909,45318,46326,53550,19950,7269.8
"Jun 24, 1994",214928,180190,117228,45990,46536,55363,21525,7269.8
"Jul 01, 1994",213577,178565,120076,46074,46578,55510,19516,7352.3
"Jul 08, 1994",213607,177097,125133,46326,46620,52934,16114,7352.3
"Jul 15, 1994",210786,174491,127666,46578,46662,56042,19278,7352.3
"Jul 22, 1994",210340,174610,129199,46788,46662,52661,21259,7352.3
"Jul 29, 1994",208515,173482,132315,47460,46872,53067,19460,7352.3
"Aug 05, 1994",208802,173832,132895,48594,47334,53466,23065,7352.3
"Aug 12, 1994",204759,169721,134435,48762,47334,57309,20790,7352.3
"Aug 19, 1994",204822,170085,137256,48930,47208,54852,19922,7352.3
"Aug 26, 1994",206501,170348,134858,48762,47124,54250,25053,7352.3
"Sep 02, 1994",203398,167628,138328,48552,47292,56427,19474,7352.3
"Sep 09, 1994",207682,171165,141767,48300,47376,48685,18368,7352.3
"Sep 16, 1994",207967,170962,145413,47880,47292,53207,19348,7352.3
"Sep 23, 1994",207262,169984,144496,47418,47040,54341,23758,7352.3
"Sep 30, 1994",208167,170555,144818,47040,46956,54131,23471,7352.3
"Oct 07, 1994",208597,170701,146951,46788,46914,52605,20979,7476.7
"Oct 14, 1994",206013,169808,145170,46452,46998,52934,24507,7476.7
"Oct 21, 1994",202644,165197,146331,46494,47124,57001,21644,7476.7
"Oct 28, 1994",197671,160110,143730,47082,47586,57428,24416,7476.7
"Nov 04, 1994",200812,160750,141964,47166,47586,52024,23583,7476.7
"Nov 11, 1994",202319,162620,141934,47124,47670,51639,21385,7476.7
"Nov 18, 1994",206074,166229,140020,46746,47460,55503,25529,7476.7
"Nov 25, 1994",208845,168748,143608,46914,47292,52017,20489,7476.7
"Dec 02, 1994",214685,173223,145010,47334,47166,53151,21924,7476.7
"Dec 09, 1994",212280,172344,141539,47502,46788,57603,26782,7476.7
"Dec 16, 1994",212555,171935,141222,47628,46578,55531,22064,7476.7
"Dec 23, 1994",210269,168641,139266,47250,46452,57946,25760,7476.7
"Dec 30, 1994",210379,170102,142265,47334,46368,54026,20447,7476.7
"Jan 06, 1995",213545,172617,142731,47628,46284,49938,22848,7545.3
"Jan 13, 1995",215577,174547,141844,47292,46200,52738,23828,7545.3
"Jan 20, 1995",217341,175522,141064,47544,45990,50820,22449,7545.3
"Jan 27, 1995",220092,177741,136626,47502,45780,48832,25536,7545.3
"Feb 03, 1995",222808,178673,134993,47208,45612,50869,23107,7545.3
"Feb 10, 1995",224086,179472,129519,47082,45696,49924,26677,7545.3
"Feb 17, 1995",225627,179730,123966,46830,45696,51786,26593,7545.3
"Feb 24, 1995",224867,177843,121206,47082,45738,53690,24052,7545.3
"Mar 03, 1995",226427,180776,119974,47166,45738,50358,23219,7545.3
"Mar 10, 1995",225052,180559,117126,46872,45696,52836,25060,7545.3
"Mar 17, 1995",221863,176415,117534,46788,45570,54838,22680,7545.3
"Mar 24, 1995",219388,173898,117708,47082,45696,54579,22568,7545.3
"Mar 31, 1995",212188,169521,119081,47586,45948,57365,20293,7545.3
"Apr 07, 1995",211126,167305,115073,48258,46242,53116,26691,7604.9
"Apr 14, 1995",209230,167991,111837,48846,46452,52801,24206,7604.9
"Apr 21, 1995",207445,166416,113601,49728,46830,57092,20496,7604.9
"Apr 28, 1995",208167,166822,114444,50148,46998,54117,21819,7604.9
"May 05, 1995",208961,167764,112323,51072,47292,52773,23128,7604.9
"May 12, 1995",209092,166859,113359,51492,47292,56364,19544,7604.9
"May 19, 1995",207135,166985,112511,52248,47208,57281,20979,7604.9
"May 26, 1995",209982,170425,114253,52332,47460,54579,20132,7604.9
"Jun 02, 1995",208602,167900,116107,52332,47208,59220,21091,7604.9
"Jun 09, 1995",207887,167034,115804,52206,47124,56385,21434,7604.9
"Jun 16, 1995",210280,168086,117323,51912,46914,55797,21336,7604.9
"Jun 23, 1995",208332,167346,116322,51618,46704,59423,22393,7604.9
"Jun 30, 1995",207619,165529,116458,51324,46452,57666,21644,7604.9
"Jul 07, 1995",207854,166517,119134,50904,46326,55972,19040,7706.5
"Jul 14, 1995",208280,167607,122603,50400,46158,55062,19516,7706.5
"Jul 21, 1995",207955,166352,121931,50022,46116,59381,21266,7706.5
"Jul 28, 1995",207406,165923,122628,49518,45906,57491,20475,7706.5
"Aug 04, 1995",204700,162100,124400,49308,46158,58814,19285,7706.5
"Aug 11, 1995",203559,161626,124739,49224,46452,53396,20440,7706.5
"Aug 18, 1995",199666,158432,124388,49182,46452,58877,20867,7706.5
"Aug 25, 1995",196058,154925,124377,48846,46578,57442,22596,7706.5
"Sep 01, 1995",197186,156411,127310,48720,46830,54775,19040,7706.5
"Sep 08, 1995",196620,154557,129905,48636,46998,56546,20356,7706.5
"Sep 15, 1995",194930,152216,133639,48594,47124,57743,18823,7706.5
"Sep 22, 1995",196796,154591,131694,48552,47082,54747,23891,7706.5
"Sep 29, 1995",202806,160626,132005,48342,46914,50799,23121,7706.5
"Oct 06, 1995",201137,159069,131434,48048,46914,56742,22638,7799.5
"Oct 13, 1995",198720,157513,133528,47586,46914,55153,20699,7799.5
"Oct 20, 1995",199377,157877,131632,47250,46788,53984,23954,7799.5
"Oct 27, 1995",197584,155886,128734,46830,46620,56721,25298,7799.5
"Nov 03, 1995",195596,155634,130050,46704,46956,52143,22106,7799.5
"Nov 10, 1995",190148,150964,131011,46578,46956,59339,21728,7799.5
"Nov 17, 1995",192278,152089,130504,46452,46998,56147,25802,7799.5
"Nov 24, 1995",193076,151813,133426,46494,47208,54880,22960,7799.5
"Dec 01, 1995",196904,156079,134885,46536,47166,52073,22302,7799.5
"Dec 08, 1995",196587,154306,133613,46620,47208,55643,26775,7799.5
"Dec 15, 1995",198690,156542,129379,47208,47460,52423,28224,7799.5
"Dec 22, 1995",197873,154860,126452,47376,47922,56805,28014,7799.5
"Dec 29, 1995",203744,160817,128268,47418,48216,49245,22645,7799.5
"Jan 05, 1996",203560,160271,130131,47838,48132,55706,21245,7893.1
"Jan 12, 1996",205546,162058,125364,48090,48384,52591,27139,7893.1
"Jan 19, 1996",210659,167475,121184,47796,48048,48643,26495,7893.1
"Jan 26, 1996",211887,166922,116922,47586,47712,51751,25998,7893.1
"Feb 02, 1996",214405,169284,111644,47460,47460,52591,26187,7893.1
"Feb 09, 1996",213627,168460,102876,47292,47628,52640,30296,7893.1
"Feb 16, 1996",212443,168209,98416,47586,48342,55076,26509,7893.1
"Feb 23, 1996",210443,166350,98896,48426,48888,54782,23184,7893.1
"Mar 01, 1996",213605,168668,96810,49140,49350,51366,25907,7893.1
"Mar 08, 1996",209769,165753,96882,49182,49266,55139,22351,7893.1
"Mar 15, 1996",209171,164246,92696,49602,49224,54299,27580,7893.1
"Mar 22, 1996",205883,162730,88281,50820,50820,55300,25550,7893.1
"Mar 29, 1996",203802,160490,89008,51366,51324,52976,21693,7893.1
"Apr 05, 1996",201988,159790,87627,52416,52458,50960,21189,8061.5
"Apr 12, 1996",201051,159287,88394,54054,54810,54628,21427,8061.5
"Apr 19, 1996",203880,160328,87153,54642,54768,52031,25277,8061.5
"Apr 26, 1996",204218,160105,87737,55356,53970,56553,23352,8061.5
"May 03, 1996",204185,160812,89442,55482,54264,53144,20993,8061.5
"May 10, 1996",202692,160562,90494,55566,53970,57869,22064,8061.5
"May 17, 1996",204906,164093,90406,55860,53508,52584,22491,8061.5
"May 24, 1996",205722,163784,92907,55482,52668,56560,21063,8061.5
"May 31, 1996",206134,163678,96069,55230,52080,54852,19768,8061.5
"Jun 07, 1996",205584,163024,96339,54894,51030,55622,23513,8061.5
"Jun 14, 1996",205494,162379,99386,54684,50106,55699,20363,8061.5
"Jun 21, 1996",206541,165677,99833,54138,49518,55692,23562,8061.5
"Jun 28, 1996",202987,161284,100441,53718,49224,59941,21966,8061.5
"Jul 05, 1996",201677,160470,102874,53592,49266,56105,19943,8159
"Jul 12, 1996",200373,161143,104383,53466,49476,55776,21210,8159
"Jul 19, 1996",198977,160249,104280,53424,49728,57064,21896,8159
"Jul 26, 1996",197609,158462,102629,53046,49476,56469,22323,8159
"Aug 02, 1996",196821,157106,104053,52626,49728,57953,22022,8159
"Aug 09, 1996",198222,157908,103690,52416,50022,54054,22379,8159
"Aug 16, 1996",198433,158240,104848,52458,50652,54726,21588,8159
"Aug 23, 1996",196254,156826,105535,52626,51324,58548,22036,8159
"Aug 30, 1996",192908,154087,109025,52164,51702,58583,20860,8159
"Sep 06, 1996",191733,151723,111522,52374,52500,54901,21427,8159
"Sep 13, 1996",192000,153643,112289,52500,53592,52759,22547,8159
"Sep 20, 1996",193526,155955,111771,52542,53634,56000,24185,8159
"Sep 27, 1996",197717,159036,110974,52290,54138,53333,25361,8159
"Oct 04, 1996",197019,156719,112259,52038,54936,55545,22505,8287.1
"Oct 11, 1996",194410,155394,111374,52416,55692,53459,25263,8287.1
"Oct 18, 1996",190525,151590,111265,52458,55818,55706,25809,8287.1
"Oct 25, 1996",189283,150080,114978,52920,55818,55937,23114,8287.1
"Nov 01, 1996",191956,152342,114463,53256,55566,53774,25746,8287.1
"Nov 08, 1996",190180,151230,114146,53424,55272,54628,25592,8287.1
"Nov 15, 1996",188595,150309,113220,53844,55608,56511,25795,8287.1
"Nov 22, 1996",187261,150390,114490,54138,55734,55181,23261,8287.1
"Nov 29, 1996",190483,151567,118372,54054,55566,51590,21511,8287.1
"Dec 06, 1996",194748,156317,120753,54054,55440,53942,23072,8287.1
"Dec 13, 1996",191420,154356,120544,53886,54894,58485,24710,8287.1
"Dec 20, 1996",191053,152417,119024,53676,54600,56357,25137,8287.1
"Dec 27, 1996",192014,153479,123135,53508,54390,54180,20076,8287.1
"Jan 03, 1997",198239,157777,126155,53424,54222,49854,22134,8402.1
"Jan 10, 1997",199994,158237,125807,54054,54432,52080,23394,8402.1
"Jan 17, 1997",201457,158935,121001,54054,54306,51856,26096,8402.1
"Jan 24, 1997",203639,160557,118478,53928,53886,50855,24143,8402.1
"Jan 31, 1997",206951,162575,114237,53844,54096,49875,27195,8402.1
"Feb 07, 1997",210991,164170,109425,53760,53970,49091,25921,8402.1
"Feb 14, 1997",209302,163800,105766,53466,53676,52710,24850,8402.1
"Feb 21, 1997",205464,159978,105280,53340,53298,56077,22596,8402.1
"Feb 28, 1997",203206,158137,106410,52962,52584,54453,22547,8402.1
"Mar 07, 1997",203693,159482,106030,52626,51660,51919,23471,8402.1
"Mar 14, 1997",199745,155084,102794,52332,51240,56875,25655,8402.1
"Mar 21, 1997",198774,153275,100213,52500,51240,54103,26096,8402.1
"Mar 28, 1997",196930,151171,97884,52332,51450,52444,25823,8402.1
"Apr 04, 1997",195697,150315,96847,52416,51114,56805,24955,8551.9
"Apr 11, 1997",195928,148689,98392,52248,51072,54537,22603,8551.9
"Apr 18, 1997",195927,149597,95728,52290,50862,55398,25529,8551.9
"Apr 25, 1997",196025,149644,94098,52080,50610,55454,24668,8551.9
"May 02, 1997",193561,148799,96765,51996,50610,57568,23387,8551.9
"May 09, 1997",198261,152961,96365,51996,50022,54355,24332,8551.9
"May 16, 1997",198672,153163,98787,52374,50022,57771,22869,8551.9
"May 23, 1997",199831,154449,102184,52710,50232,56616,22526,8551.9
"May 30, 1997",200728,154804,108039,52836,49980,57078,19894,8551.9
"Jun 06, 1997",203327,158406,110490,52542,49854,53130,22022,8551.9
"Jun 13, 1997",205177,160941,111731,52164,49224,56063,23737,8551.9
"Jun 20, 1997",205512,161467,113491,51744,48804,59899,23688,8551.9
"Jun 27, 1997",204006,160936,116230,51492,48426,57638,23653,8551.9
"Jul 04, 1997",203747,161194,116592,51324,48678,59423,24696,8691.8
"Jul 11, 1997",199751,157279,121445,51198,48384,60242,19733,8691.8
"Jul 18, 1997",197484,156079,120542,51324,48174,60165,25704,8691.8
"Jul 25, 1997",193695,152758,120642,51072,48090,60200,23751,8691.8
"Aug 01, 1997",190575,149948,122610,51954,48510,58030,22239,8691.8
"Aug 08, 1997",189078,148520,121988,53424,49056,57771,23877,8691.8
"Aug 15, 1997",186197,146788,124521,53508,49014,59773,21861,8691.8
"Aug 22, 1997",187035,147933,126255,54096,49098,55454,22274,8691.8
"Aug 29, 1997",185563,146216,128760,54054,48930,60865,23051,8691.8
"Sep 05, 1997",187167,148665,133859,54096,48846,56371,19257,8691.8
"Sep 12, 1997",189628,150058,133998,53802,48552,57505,23996,8691.8
"Sep 19, 1997",194289,153517,135500,53298,48468,54222,21574,8691.8
"Sep 26, 1997",195544,154139,135753,52710,48720,56980,24220,8691.8
"Oct 03, 1997",197648,156313,135746,52668,49350,58653,24325,8788.3
"Oct 10, 1997",196796,156142,136242,52416,49770,57547,23961,8788.3
"Oct 17, 1997",196969,155854,136910,51996,49770,58205,25438,8788.3
"Oct 24, 1997",197561,157077,135023,51576,49770,54187,25340,8788.3
"Oct 31, 1997",197629,155861,134273,51282,49896,58485,25193,8788.3
"Nov 07, 1997",196540,155817,135455,51324,49980,56175,23653,8788.3
"Nov 14, 1997",197638,156870,134252,50946,50190,54551,24920,8788.3
"Nov 21, 1997",196590,156934,133967,50694,50106,56301,25326,8788.3
"Nov 28, 1997",199440,158904,133161,50274,49938,53046,24619,8788.3
"Dec 05, 1997",198579,156701,135517,49854,49308,59059,24003,8788.3
"Dec 12, 1997",201916,159478,135548,49392,48804,55685,26264,8788.3
"Dec 19, 1997",201609,159350,133477,49014,48510,57057,27832,8788.3
"Dec 26, 1997",204930,161801,131063,48636,48300,57407,28616,8788.3
"Jan 02, 1998",210220,166619,136956,48216,48174,54824,18844,8889.7
"Jan 09, 1998",216176,171031,139236,47880,47292,53711,22897,8889.7
"Jan 16, 1998",217925,172446,136776,47418,46578,54453,26299,8889.7
"Jan 23, 1998",217464,170683,133652,46704,46032,55580,27818,8889.7
"Jan 30, 1998",217934,171419,131374,46536,45822,53690,26173,8889.7
"Feb 06, 1998",220625,172900,129556,46242,45570,53711,26572,8889.7
"Feb 13, 1998",218239,170863,128948,45570,45444,57407,24038,8889.7
"Feb 20, 1998",218785,170314,127045,45780,45318,56035,25578,8889.7
"Feb 27, 1998",219852,170920,126615,45150,45108,53634,24367,8889.7
"Mar 06, 1998",218013,168235,126572,44730,44772,54208,24570,8889.7
"Mar 13, 1998",214200,164353,124898,44310,44394,56721,25641,8889.7
"Mar 20, 1998",215334,164898,123577,43974,44058,54271,25025,8889.7
"Mar 27, 1998",214760,165233,121244,45234,44856,55972,27426,8889.7
"Apr 03, 1998",210823,160833,120571,45108,44814,62944,25900,8994.7
"Apr 10, 1998",210377,161681,122396,45024,44730,56217,21854,8994.7
"Apr 17, 1998",211207,162616,122439,45150,44730,58121,23996,8994.7
"Apr 24, 1998",212209,163269,121821,45612,44940,56826,25018,8994.7
"May 01, 1998",212269,163238,122520,45990,45024,57330,24136,8994.7
"May 08, 1998",216119,167282,124050,46578,45150,52521,21623,8994.7
"May 15, 1998",213223,166286,123259,46578,44898,59668,26250,8994.7
"May 22, 1998",215208,167047,126329,46536,44520,58359,22778,8994.7
"May 29, 1998",218181,169099,131370,46368,44226,57435,20678,8994.7
"Jun 05, 1998",219566,170866,130454,46746,43890,58184,25746,8994.7
"Jun 12, 1998",220053,172483,131231,46368,43680,56721,23562,8994.7
"Jun 19, 1998",222740,174440,131957,46032,43386,57120,24927,8994.7
"Jun 26, 1998",222381,175082,131676,46032,43428,60508,26705,8994.7
"Jul 03, 1998",218243,171341,133695,46074,43512,61285,23240,9146.5
"Jul 10, 1998",221489,174122,135707,45864,43302,57638,23240,9146.5
"Jul 17, 1998",218840,173779,140135,46074,43134,61243,21308,9146.5
"Jul 24, 1998",219060,172871,143345,45696,42840,56875,22617,9146.5
"Jul 31, 1998",215752,169290,144032,45234,42672,62979,25382,9146.5
"Aug 07, 1998",212407,167122,144002,45024,42420,58219,24402,9146.5
"Aug 14, 1998",210064,164441,144831,44730,42294,62867,23765,9146.5
"Aug 21, 1998",208848,164842,144930,44436,42168,58016,25242,9146.5
"Aug 28, 1998",209179,165283,143647,44226,42000,60249,26691,9146.5
"Sep 04, 1998",207008,163203,144689,43932,42378,60991,22757,9146.5
"Sep 11, 1998",205691,160886,148689,43764,42798,61054,22057,9146.5
"Sep 18, 1998",208649,163641,149684,44226,43260,55111,23548,9146.5
"Sep 25, 1998",207493,162362,152563,44226,43638,58513,21070,9146.5
"Oct 02, 1998",207114,163574,152101,44478,43722,56406,23765,9325.7
"Oct 09, 1998",199486,156466,149284,44646,43722,61579,25606,9325.7
"Oct 16, 1998",201383,158994,147428,44436,43512,56343,24647,9325.7
"Oct 23, 1998",199734,158609,147214,44310,43512,56693,22351,9325.7
"Oct 30, 1998",200204,156994,145118,44100,43470,58520,25298,9325.7
"Nov 06, 1998",201825,158043,145151,44016,43428,57365,23639,9325.7
"Nov 13, 1998",206343,162754,145910,43554,43092,53977,24878,9325.7
"Nov 20, 1998",205683,162006,145268,43260,42504,58667,25879,9325.7
"Nov 27, 1998",205697,162060,147996,42630,42168,58191,20685,9325.7
"Dec 04, 1998",208189,164219,149556,41832,41412,57134,22589,9325.7
"Dec 11, 1998",210252,165716,152754,41454,40824,58198,22386,9325.7
"Dec 18, 1998",208330,165090,151195,41412,40656,60116,26432,9325.7
"Dec 25, 1998",209868,166945,152532,41118,40572,57071,22736,9325.7
"Jan 01, 1999",210839,167866,153929,41034,40530,59633,24024,9447.1
"Jan 08, 1999",217574,173435,154236,41244,40614,51695,23072,9447.1
"Jan 15, 1999",221987,178021,147748,41370,40740,54670,32284,9447.1
"Jan 22, 1999",220885,175927,144253,41034,40488,57302,26068,9447.1
"Jan 29, 1999",223083,177392,144134,40782,40404,55062,23723,9447.1
"Feb 05, 1999",228189,180776,142894,40656,40404,52724,25494,9447.1
"Feb 12, 1999",226045,177187,143281,40320,40278,61292,25221,9447.1
"Feb 19, 1999",229300,178500,141400,39858,40026,55636,25494,9447.1
"Feb 26, 1999",227413,177274,140153,40110,40152,58212,25207,9447.1
"Mar 05, 1999",226726,176539,136371,40446,40488,57911,26166,9447.1
"Mar 12, 1999",222905,172941,131943,42714,42000,59157,27048,9447.1
"Mar 19, 1999",219788,169594,126880,44352,42756,58569,26943,9447.1
"Mar 26, 1999",214520,166756,122106,47082,43932,58359,28315,9447.1
"Apr 02, 1999",214306,166539,124458,48636,45150,55713,21266,9557
"Apr 09, 1999",217386,168378,129208,49518,45528,55146,18550,9557
"Apr 16, 1999",216866,170051,125886,49350,45360,56462,25998,9557
"Apr 23, 1999",214741,166267,127675,49182,45276,62461,22659,9557
"Apr 30, 1999",218406,170711,127434,49392,45276,54775,24283,9557
"May 07, 1999",222885,173328,127311,49560,45486,56413,24794,9557
"May 14, 1999",221972,172841,128194,49560,45150,61327,24157,9557
"May 21, 1999",221589,173568,130493,48972,44772,57925,22890,9557
"May 28, 1999",223026,175282,131664,48342,44730,58807,24129,9557
"Jun 04, 1999",226048,178093,131277,48384,44478,57351,24157,9557
"Jun 11, 1999",221080,174298,133578,48216,44856,61789,20405,9557
"Jun 18, 1999",220647,176884,130411,48846,45444,59654,26999,9557
"Jun 25, 1999",217966,173792,130676,48426,45654,63315,24220,9557
"Jul 02, 1999",214637,169691,130772,48930,46284,63532,22386,9712.3
"Jul 09, 1999",211022,165935,134597,49644,46788,60753,21266,9712.3
"Jul 16, 1999",208902,165547,136057,50736,47586,60354,23044,9712.3
"Jul 23, 1999",205424,162203,136863,51744,47754,60473,23275,9712.3
"Jul 30, 1999",204179,160985,136901,51828,48132,59759,24052,9712.3
"Aug 06, 1999",201096,157863,135889,52332,48552,60508,25165,9712.3
"Aug 13, 1999",202026,158455,137593,53550,49476,59633,22554,9712.3
"Aug 20, 1999",202168,159489,139736,53466,49812,58905,22239,9712.3
"Aug 27, 1999",200462,158140,141615,53466,50148,61670,22715,9712.3
"Sep 03, 1999",198532,156772,141096,53844,50316,61446,24185,9712.3
"Sep 10, 1999",200464,155455,142659,54180,50778,60151,23520,9712.3
"Sep 17, 1999",201304,156122,143717,54894,51492,59528,24724,9712.3
"Sep 24, 1999",199923,155518,145944,54684,51492,62055,22771,9712.3
"Oct 01, 1999",201114,157168,144885,54432,51828,59899,26285,9926.1
"Oct 08, 1999",203234,158680,143767,54180,51576,59031,26411,9926.1
"Oct 15, 1999",202656,159694,143261,53634,51408,58842,26229,9926.1
"Oct 22, 1999",199785,156406,139845,53634,51492,59647,28427,9926.1
"Oct 29, 1999",197816,155186,137974,53382,51618,59724,26747,9926.1
"Nov 05, 1999",195514,154168,134042,53508,51828,58331,28833,9926.1
"Nov 12, 1999",191450,151697,132011,54264,52962,58912,28259,9926.1
"Nov 19, 1999",190202,150898,129432,54978,54138,58828,28196,9926.1
"Nov 26, 1999",191068,151655,131538,55230,54768,58912,24507,9926.1
"Dec 03, 1999",196648,155379,134773,55146,54348,53690,23534,9926.1
"Dec 10, 1999",195581,154566,131816,55230,54096,59899,27398,9926.1
"Dec 17, 1999",194295,153235,128879,55020,54054,60466,27307,9926.1
"Dec 24, 1999",192797,152457,123147,55188,54516,60130,28735,9926.1
"Dec 31, 1999",191997,151378,119659,55104,54978,61957,27993,9926.1
"Jan 07, 2000",194173,154476,122685,54768,54894,55349,21049,10031
"Jan 14, 2000",198240,159177,118825,55356,54894,52801,26362,10031
"Jan 21, 2000",200815,158360,110647,56868,59556,55433,30548,10031
"Jan 28, 2000",201447,158009,106497,56910,60438,58695,27062,10031
"Feb 04, 2000",200937,159659,99621,57288,61740,53494,29344,10031
"Feb 11, 2000",199593,156320,99465,58548,61152,58625,27062,10031
"Feb 18, 2000",196688,152503,99273,60606,61152,59668,26012,10031
"Feb 25, 2000",196523,152602,101005,61236,61362,56504,26327,10031
"Mar 03, 2000",200970,155461,102656,64638,62580,53256,23702,10031
"Mar 10, 2000",198819,154461,102679,65772,62832,60634,25739,10031
"Mar 17, 2000",199255,154568,101573,65898,62118,57407,26586,10031
"Mar 24, 2000",201120,154906,98911,65058,60942,58688,26530,10031
"Mar 31, 2000",203808,157209,97259,64806,60564,55272,25151,10031
"Apr 07, 2000",203566,157070,96666,63672,59598,60585,24073,10278.3
"Apr 14, 2000",202022,155255,92840,62412,58716,59899,29379,10278.3
"Apr 21, 2000",200684,154494,93723,62076,59976,60312,24528,10278.3
"Apr 28, 2000",202506,156156,96433,61362,59556,58114,24115,10278.3
"May 05, 2000",200770,156132,95768,62790,58884,60753,25669,10278.3
"May 12, 2000",202479,158249,96134,64302,59430,57694,26481,10278.3
"May 19, 2000",203561,159959,97422,65772,60144,58856,26509,10278.3
"May 26, 2000",201075,157474,98075,66318,60102,63525,25599,10278.3
"Jun 02, 2000",201348,157567,102540,67158,59598,62041,22575,10278.3
"Jun 09, 2000",202699,158360,104943,69888,59262,58821,22932,10278.3
"Jun 16, 2000",202768,157746,103444,71862,59766,62265,26985,10278.3
"Jun 23, 2000",204280,159269,103772,71022,60144,59325,24472,10278.3
"Jun 30, 2000",204522,159021,103748,69762,61026,60340,26222,10278.3
"Jul 07, 2000",205147,160617,108480,68460,60858,59633,21175,10357.4
"Jul 14, 2000",205638,161249,109263,66612,60270,61908,24227,10357.4
"Jul 21, 2000",206907,161699,110409,65604,59808,58527,23940,10357.4
"Jul 28, 2000",206253,162971,110720,63588,59136,60298,24731,10357.4
"Aug 04, 2000",204582,160763,110192,63168,59220,61313,25270,10357.4
"Aug 11, 2000",202442,158503,111475,62538,60774,61691,25214,10357.4
"Aug 18, 2000",201200,158066,112399,63336,61782,61502,25585,10357.4
"Aug 25, 2000",196372,154185,112427,63882,64512,62720,25942,10357.4
"Sep 01, 2000",195498,151924,112317,65856,67578,60508,27146,10357.4
"Sep 08, 2000",191795,149382,114584,67116,68418,60011,25081,10357.4
"Sep 15, 2000",187566,145680,115937,67158,69426,61698,25578,10357.4
"Sep 22, 2000",190559,149068,114941,66612,69594,57071,28168,10357.4
"Sep 29, 2000",195621,154836,114194,65646,68250,54733,28007,10357.4
"Oct 06, 2000",195840,154170,113691,64722,67788,58380,25942,10472.3
"Oct 13, 2000",193261,152254,112799,66276,70140,60641,27972,10472.3
"Oct 20, 2000",192240,151552,112211,66696,69216,60228,29197,10472.3
"Oct 27, 2000",188097,147300,113556,66528,68418,62594,25767,10472.3
"Nov 03, 2000",186147,145155,115710,65730,67620,61460,26278,10472.3
"Nov 10, 2000",189003,148037,115161,65604,67326,57512,29680,10472.3
"Nov 17, 2000",188941,148803,114934,65100,68334,58933,27258,10472.3
"Nov 24, 2000",191190,151339,116609,65058,69090,56441,26103,10472.3
"Dec 01, 2000",195234,155263,120045,64092,68124,57631,24269,10472.3
"Dec 08, 2000",196568,156036,115290,62580,66234,60977,32809,10472.3
"Dec 15, 2000",198983,157989,116188,61404,64890,59325,26537,10472.3
"Dec 22, 2000",196401,156240,114693,61026,63630,58800,29239,10472.3
"Dec 29, 2000",193771,153097,116064,60732,63924,60851,27993,10472.3
"Jan 05, 2001",195663,153844,116761,61530,63840,54775,32039,10508.1
"Jan 12, 2001",198713,153468,115174,63546,63378,57575,30233,10508.1
"Jan 19, 2001",200703,155689,116151,63462,64176,55258,26236,10508.1
"Jan 26, 2001",205882,160143,114469,63000,64638,51366,29225,10508.1
"Feb 02, 2001",203783,156497,115339,62286,63840,60123,27006,10508.1
"Feb 09, 2001",202920,156505,116147,63630,63756,56224,28567,10508.1
"Feb 16, 2001",204595,156113,117706,62538,62160,54950,27181,10508.1
"Feb 23, 2001",204546,156158,116611,61782,60942,57309,28259,10508.1
"Mar 02, 2001",203021,153194,115644,61194,59640,59423,29022,10508.1
"Mar 09, 2001",201582,152358,114313,61026,59052,58975,27692,10508.1
"Mar 16, 2001",198193,148741,110693,60648,58464,59388,30205,10508.1
"Mar 23, 2001",196272,146768,107898,60690,57918,59325,28070,10508.1
"Mar 30, 2001",193035,143466,104013,62244,58422,59549,28910,10508.1
"Apr 06, 2001",193855,144205,101930,64680,58674,58142,25529,10638.4
"Apr 13, 2001",192831,144701,102333,67620,60354,59066,24514,10638.4
"Apr 20, 2001",193913,146114,101710,69636,60606,60956,27888,10638.4
"Apr 27, 2001",198975,149066,102750,69930,60564,58828,24962,10638.4
"May 04, 2001",200025,151290,103058,73038,61740,60655,27636,10638.4
"May 11, 2001",204069,153533,102944,73416,62622,57925,25158,10638.4
"May 18, 2001",203706,153249,102129,72408,62748,62419,25354,10638.4
"May 25, 2001",208032,157777,104298,73038,64218,57890,24759,10638.4
"Jun 01, 2001",210265,158401,108131,72030,63588,61663,22806,10638.4
"Jun 08, 2001",216010,162781,107435,70896,62412,58996,27244,10638.4
"Jun 15, 2001",219666,166958,109111,69048,62160,58751,24129,10638.4
"Jun 22, 2001",220745,167780,111191,66486,60774,62447,23506,10638.4
"Jun 29, 2001",221633,169089,112783,63840,59094,63252,26026,10638.4
"Jul 06, 2001",221549,169889,116413,62328,58464,60354,23709,10639.5
"Jul 13, 2001",217832,167527,119064,61278,57960,63665,24339,10639.5
"Jul 20, 2001",214521,166806,120571,60480,56616,64232,25487,10639.5
"Jul 27, 2001",211313,164154,121539,59976,56574,63049,25753,10639.5
"Aug 03, 2001",207789,161365,121671,59598,56490,62713,27720,10639.5
"Aug 10, 2001",204627,159441,120823,60228,57414,60697,27587,10639.5
"Aug 17, 2001",202069,158868,120869,61614,58548,63245,26012,10639.5
"Aug 24, 2001",195874,155008,120737,63966,60984,62601,26579,10639.5
"Aug 31, 2001",194690,151370,120383,66318,62496,60284,25998,10639.5
"Sep 07, 2001",195380,150976,121258,65604,62664,59703,25893,10639.5
"Sep 14, 2001",192331,146965,123349,65688,64134,62783,23044,10639.5
"Sep 21, 2001",200823,155051,121735,63924,61866,54838,27398,10639.5
"Sep 28, 2001",203912,157161,122658,61110,58380,59598,26082,10639.5
"Oct 05, 2001",206117,158960,124602,58506,57582,59500,25557,10701.3
"Oct 12, 2001",208339,160464,126560,56742,56826,61362,26012,10701.3
"Oct 19, 2001",208908,161542,127456,54894,55356,60333,26047,10701.3
"Oct 26, 2001",208308,161141,127931,53634,55020,60914,28287,10701.3
"Nov 02, 2001",206944,161772,128217,52458,54222,61579,27398,10701.3
"Nov 09, 2001",205335,160287,130744,51408,53298,61397,25473,10701.3
"Nov 16, 2001",206682,160826,130533,50736,52584,60284,28329,10701.3
"Nov 23, 2001",207701,159484,135638,49056,51366,62076,25207,10701.3
"Nov 30, 2001",212099,161992,137974,48258,50148,59619,25872,10701.3
"Dec 07, 2001",211201,161424,140284,47712,49266,58289,25788,10701.3
"Dec 14, 2001",210320,160692,138701,46242,48006,60354,28504,10701.3
"Dec 21, 2001",207036,157866,137041,46746,48468,62216,27958,10701.3
"Dec 28, 2001",207914,157680,137642,47754,49098,62020,26649,10701.3
"Jan 04, 2002",207726,159544,142247,48384,49056,58016,22120,10834.4
"Jan 11, 2002",210500,161279,141942,48384,48678,58513,27062,10834.4
"Jan 18, 2002",214055,164215,139013,48132,47880,56343,27979,10834.4
"Jan 25, 2002",216656,165963,138842,47964,48048,57288,24577,10834.4
"Feb 01, 2002",216355,165964,137335,48594,48048,57561,27258,10834.4
"Feb 08, 2002",217358,167554,137531,48216,48426,56819,25431,10834.4
"Feb 15, 2002",216883,166149,135683,48594,48552,58996,27237,10834.4
"Feb 22, 2002",215753,162683,132702,48594,48468,61103,28210,10834.4
"Mar 01, 2002",212674,160833,130840,49770,49266,61474,26796,10834.4
"Mar 08, 2002",211544,160536,127987,53004,51072,57939,26215,10834.4
"Mar 15, 2002",209080,157602,125476,55776,52542,60991,26005,10834.4
"Mar 22, 2002",207157,156157,122525,58044,53802,60347,26166,10834.4
"Mar 29, 2002",211521,159088,119675,59304,54390,58702,27860,10834.4
"Apr 05, 2002",212602,158183,121161,61068,55566,62055,24066,10934.8
"Apr 12, 2002",211127,157778,120086,60732,55440,61880,26866,10934.8
"Apr 19, 2002",210555,159686,119718,60732,54768,60788,26159,10934.8
"Apr 26, 2002",211946,162451,120191,60270,54684,60893,25270,10934.8
"May 03, 2002",214108,165915,121497,60354,54810,59647,26439,10934.8
"May 10, 2002",217207,167849,122454,60102,54558,59836,26292,10934.8
"May 17, 2002",216094,167437,123915,60438,54978,64330,24115,10934.8
"May 24, 2002",218100,169134,124930,60018,54936,60795,25858,10934.8
"May 31, 2002",215916,168792,127479,60186,54600,61446,23863,10934.8
"Jun 07, 2002",214362,165674,129215,59514,54012,63028,23800,10934.8
"Jun 14, 2002",215229,166139,129490,59598,53550,61397,25186,10934.8
"Jun 21, 2002",216405,167457,128645,59850,53802,61264,26642,10934.8
"Jun 28, 2002",216434,167685,128297,60186,54138,64204,27244,10934.8
"Jul 05, 2002",214720,165631,131376,59766,54348,63028,23828,11037.1
"Jul 12, 2002",213232,165378,133471,60270,54600,62895,24255,11037.1
"Jul 19, 2002",212591,166012,133267,60942,55062,63392,25368,11037.1
"Jul 26, 2002",211591,164851,134446,60774,54726,63651,24157,11037.1
"Aug 02, 2002",212470,163383,135092,60354,54768,65079,24234,11037.1
"Aug 09, 2002",207965,161095,133960,60270,54726,64890,24948,11037.1
"Aug 16, 2002",208743,162288,133385,60228,55986,62573,25102,11037.1
"Aug 23, 2002",206761,161526,131575,60648,57540,64211,27034,11037.1
"Aug 30, 2002",205330,158731,129635,60312,58296,63945,27104,11037.1
"Sep 06, 2002",205598,160442,133567,60354,58632,61908,22624,11037.1
"Sep 13, 2002",204987,157666,131385,60564,59388,62293,26817,11037.1
"Sep 20, 2002",207222,158923,129820,60312,59514,60375,26502,11037.1
"Sep 27, 2002",208421,160496,130066,61110,60396,60074,24367,11037.1
"Oct 04, 2002",205280,158341,127357,62160,61320,62265,28203,11103.8
"Oct 11, 2002",198979,152071,125426,62202,61362,63630,24311,11103.8
"Oct 18, 2002",195357,150025,125577,62958,61698,60571,25088,11103.8
"Oct 25, 2002",194311,148487,123752,62370,61152,63154,28686,11103.8
"Nov 01, 2002",192146,146777,121897,62538,60564,65268,28042,11103.8
"Nov 08, 2002",194044,148296,121436,62160,59934,61313,26502,11103.8
"Nov 15, 2002",193499,149096,122851,60942,59010,59780,25340,11103.8
"Nov 22, 2002",197419,152616,119961,59766,59010,60669,30912,11103.8
"Nov 29, 2002",199962,151922,119838,59136,59094,63420,28728,11103.8
"Dec 06, 2002",203240,155005,123261,58968,59010,60312,26446,11103.8
"Dec 13, 2002",203149,154935,124738,59094,58842,61978,29715,11103.8
"Dec 20, 2002",205370,157748,124919,60606,60480,63441,28931,11103.8
"Dec 27, 2002",204956,157226,126823,62328,62622,62923,27790,11103.8
"Jan 03, 2003",209828,161878,129748,62454,63042,58877,25879,11230.1
"Jan 10, 2003",215582,165875,132294,62832,62076,58345,25802,11230.1
"Jan 17, 2003",216270,164569,129240,63084,62160,60515,28154,11230.1
"Jan 24, 2003",212980,160906,122386,63630,62664,61551,31465,11230.1
"Jan 31, 2003",209613,155712,112056,65898,64764,59857,34482,11230.1
"Feb 07, 2003",212649,158714,108220,69258,69804,56742,29085,11230.1
"Feb 14, 2003",211206,157759,103581,71442,71568,59178,32473,11230.1
"Feb 21, 2003",208095,153817,99053,71358,71778,60333,31346,11230.1
"Feb 28, 2003",206086,153243,96539,72492,73626,58947,30233,11230.1
"Mar 07, 2003",202008,148288,98317,73584,74382,63140,28343,11230.1
"Mar 14, 2003",201083,147090,97226,74256,73584,60172,31682,11230.1
"Mar 21, 2003",198977,144878,99478,72744,69804,60662,26810,11230.1
"Mar 28, 2003",200721,145377,97892,71064,67284,57988,28455,11230.1
"Apr 04, 2003",202182,146294,96120,70266,65268,59206,28392,11370.7
"Apr 11, 2003",201947,144671,95721,68838,64638,60480,25550,11370.7
"Apr 18, 2003",201174,145830,96063,67956,64218,61159,26691,11370.7
"Apr 25, 2003",205592,149875,95862,67200,63336,58506,26887,11370.7
"May 02, 2003",207794,150733,97303,65352,62328,61838,27216,11370.7
"May 09, 2003",208644,152144,99878,64428,60648,62258,25459,11370.7
"May 16, 2003",208377,152312,102701,64638,60606,62944,25291,11370.7
"May 23, 2003",205034,150413,101519,64176,60228,65093,27671,11370.7
"May 30, 2003",207281,153167,104514,63588,59766,59612,25424,11370.7
"Jun 06, 2003",209853,156422,107331,64260,59724,59703,25256,11370.7
"Jun 13, 2003",209124,155942,109419,65436,60144,62160,27258,11370.7
"Jun 20, 2003",208204,155325,109410,64554,59766,61831,26845,11370.7
"Jun 27, 2003",204960,152084,109727,64176,59640,66332,25837,11370.7
"Jul 04, 2003",205486,151164,109192,64260,59976,63350,27587,11625.1
"Jul 11, 2003",209422,155193,114685,65646,60270,61341,21217,11625.1
"Jul 18, 2003",207820,154503,115199,65772,60438,64239,25515,11625.1
"Jul 25, 2003",204496,151038,117388,65436,60396,66941,23940,11625.1
"Aug 01, 2003",201784,149417,119051,66192,61026,65121,27118,11625.1
"Aug 08, 2003",198147,146566,119918,67662,62664,65667,25662,11625.1
"Aug 15, 2003",196850,146806,121129,70056,62916,65275,25515,11625.1
"Aug 22, 2003",191179,142513,121786,75054,63126,67676,26173,11625.1
"Aug 29, 2003",191898,142937,124732,75012,63042,65359,24521,11625.1
"Sep 05, 2003",192579,144252,128390,73836,62496,62202,23989,11625.1
"Sep 12, 2003",195322,144766,131332,73038,61782,62818,25032,11625.1
"Sep 19, 2003",196822,144651,131235,70812,60648,64162,26992,11625.1
"Sep 26, 2003",199174,148003,131273,68670,60018,60830,26999,11625.1
"Oct 03, 2003",197986,146121,131460,67914,60690,64330,26810,11816.8
"Oct 10, 2003",194579,143615,129839,67662,62286,64092,28028,11816.8
"Oct 17, 2003",195986,145383,132449,67704,63084,61278,23891,11816.8
"Oct 24, 2003",193809,143830,134013,66528,62790,65891,25459,11816.8
"Oct 31, 2003",191334,140694,132693,66234,62202,65212,28812,11816.8
"Nov 07, 2003",192267,140230,131191,64974,61992,62965,28294,11816.8
"Nov 14, 2003",192194,138830,128908,64680,62202,64624,29449,11816.8
"Nov 21, 2003",193653,141117,128304,65268,62622,61075,28357,11816.8
"Nov 28, 2003",197110,142923,131084,64386,61992,62853,25242,11816.8
"Dec 05, 2003",200472,145263,132118,63798,62202,61432,26628,11816.8
"Dec 12, 2003",202377,146250,130747,63378,62412,62510,28931,11816.8
"Dec 19, 2003",202987,145441,128435,64176,63168,64162,29435,11816.8
"Dec 26, 2003",203619,146896,129145,63882,63084,61082,27349,11816.8
"Jan 02, 2004",206308,148198,135515,65184,63126,60802,22743,11988.4
"Jan 09, 2004",208416,148626,138321,67326,65142,58877,23772,11988.4
"Jan 16, 2004",209484,148799,135469,68754,65478,58982,30744,11988.4
"Jan 23, 2004",206040,146513,131023,69888,66822,59801,32844,11988.4
"Jan 30, 2004",205593,145671,124152,69720,66402,59598,33012,11988.4
"Feb 06, 2004",204417,144926,118258,70602,65856,60389,32095,11988.4
"Feb 13, 2004",205023,143630,112470,70980,66528,61089,32928,11988.4
"Feb 20, 2004",203378,142821,111380,72660,66990,61572,29120,11988.4
"Feb 27, 2004",202014,140768,111309,73836,67998,62790,27419,11988.4
"Mar 05, 2004",200420,138269,112747,74760,68376,62776,26467,11988.4
"Mar 12, 2004",199626,136542,111767,74214,67914,63308,27503,11988.4
"Mar 19, 2004",199523,137080,110415,74970,68922,61726,27783,11988.4
"Mar 26, 2004",200885,138908,109739,75600,68964,61117,26005,11988.4
"Apr 02, 2004",200057,138345,105185,76524,69216,64743,31787,12181.4
"Apr 09, 2004",197451,134452,103896,76734,70518,65366,27041,12181.4
"Apr 16, 2004",199083,136482,104632,77826,72408,62811,28287,12181.4
"Apr 23, 2004",199958,135163,104787,77826,72156,64785,28336,12181.4
"Apr 30, 2004",203996,135486,107219,79128,72114,62482,26957,12181.4
"May 07, 2004",202450,136274,107527,83118,73290,65611,27552,12181.4
"May 14, 2004",203674,137671,109178,86310,74046,63833,27062,12181.4
"May 21, 2004",203017,138093,108667,88368,73962,64078,28420,12181.4
"May 28, 2004",204279,138008,108936,87864,73332,64813,28693,12181.4
"Jun 04, 2004",206432,139140,108331,87150,72828,63315,28728,12181.4
"Jun 11, 2004",205943,137683,109758,85218,71862,64533,27167,12181.4
"Jun 18, 2004",205134,137055,110389,83202,71400,64358,27195,12181.4
"Jun 25, 2004",205148,137238,110918,82530,71400,64393,28371,12181.4
"Jul 02, 2004",206108,136473,114024,81438,72072,65786,27496,12367.7
"Jul 09, 2004",205903,136556,116729,82278,73080,65100,26950,12367.7
"Jul 16, 2004",208420,138818,118421,82782,73248,61880,27069,12367.7
"Jul 23, 2004",207651,138210,119091,81816,73668,65170,27496,12367.7
"Jul 30, 2004",210108,139087,121152,81060,74760,64841,27419,12367.7
"Aug 06, 2004",208296,136311,122490,80640,76188,66304,28063,12367.7
"Aug 13, 2004",205742,134810,124567,80514,76650,66647,27944,12367.7
"Aug 20, 2004",205743,134075,125050,80892,78708,65968,28616,12367.7
"Aug 27, 2004",206552,134512,126355,80178,78582,64869,27650,12367.7
"Sep 03, 2004",204073,132983,126649,79506,78498,66171,28210,12367.7
"Sep 10, 2004",202493,132679,128321,79338,78708,64638,26397,12367.7
"Sep 17, 2004",199654,130672,126817,80136,80304,63035,27993,12367.7
"Sep 24, 2004",198846,129360,125487,82278,84504,62454,26159,12367.7
"Oct 01, 2004",199429,130512,123360,83160,86226,62405,28497,12562.2
"Oct 08, 2004",200616,130998,120923,85470,87864,62419,29659,12562.2
"Oct 15, 2004",199883,130396,119020,87234,91560,64239,29470,12562.2
"Oct 22, 2004",201163,133453,116576,87108,92904,62181,30576,12562.2
"Oct 29, 2004",201677,134012,115715,87192,92652,62839,29694,12562.2
"Nov 05, 2004",201270,134835,115578,85890,90846,64519,28266,12562.2
"Nov 12, 2004",200879,133928,114577,84588,89544,64659,29463,12562.2
"Nov 19, 2004",202741,136819,115607,83664,88872,62916,29449,12562.2
"Nov 26, 2004",205741,137786,117922,83538,88872,64428,28644,12562.2
"Dec 03, 2004",208096,138947,119299,82152,86898,63749,28560,12562.2
"Dec 10, 2004",209616,139982,119336,79506,83874,64876,29694,12562.2
"Dec 17, 2004",211381,140912,119920,78162,83328,63476,30667,12562.2
"Dec 24, 2004",212251,142898,119129,77196,83454,65303,31010,12562.2
"Dec 31, 2004",214327,143784,121099,76608,82194,65009,29232,12562.2
"Jan 07, 2005",215333,143972,122980,77154,81228,60970,29204,12813.7
"Jan 14, 2005",216969,143884,123764,78246,81984,60865,28357,12813.7
"Jan 21, 2005",214712,143082,121485,79632,82278,62167,31234,12813.7
"Jan 28, 2005",216342,143574,118598,82026,83664,61936,31696,12813.7
"Feb 04, 2005",216757,144083,115607,81984,83286,61859,30646,12813.7
"Feb 11, 2005",221678,146082,112516,81522,83412,61775,30499,12813.7
"Feb 18, 2005",223510,146641,111760,81816,84840,62286,28875,12813.7
"Feb 25, 2005",224483,147020,110022,82698,88956,62188,29085,12813.7
"Mar 04, 2005",224282,146262,109212,85680,91056,63098,30247,12813.7
"Mar 11, 2005",221352,142769,107273,88116,92148,63917,30611,12813.7
"Mar 18, 2005",217293,140115,104514,90258,94248,63483,30905,12813.7
"Mar 25, 2005",214358,137189,103438,92148,94458,63525,29638,12813.7
"Apr 01, 2005",212252,137560,104110,94836,96726,63665,29631,12974.1
"Apr 08, 2005",213100,137366,103993,97482,97272,63623,29736,12974.1
"Apr 15, 2005",211636,137960,104044,95760,94878,64190,29876,12974.1
"Apr 22, 2005",211306,138148,102601,95718,96138,65142,28630,12974.1
"Apr 29, 2005",213507,139486,102283,95634,95004,63168,29680,12974.1
"May 06, 2005",213694,140709,103978,93702,93534,64225,27391,12974.1
"May 13, 2005",214765,142633,103759,92652,91938,64883,29540,12974.1
"May 20, 2005",215374,143314,105655,91098,90552,66101,27503,12974.1
"May 27, 2005",216678,144327,106438,89922,90720,66227,29610,12974.1
"Jun 03, 2005",216647,142789,107729,90678,93828,66157,28399,12974.1
"Jun 10, 2005",215742,141181,110156,91266,95592,66696,29442,12974.1
"Jun 17, 2005",215939,140464,111530,92568,97146,65191,28070,12974.1
"Jun 24, 2005",216240,141976,113166,94794,98112,65569,28329,12974.1
"Jul 01, 2005",215266,141173,117233,95256,98616,68047,28770,13205.4
"Jul 08, 2005",212641,140739,120426,99498,101136,65737,27328,13205.4
"Jul 15, 2005",211322,136933,122652,99120,100464,65905,27377,13205.4
"Jul 22, 2005",209194,135558,125789,97986,98364,66143,28007,13205.4
"Jul 29, 2005",205177,132256,127274,98070,98616,67102,28980,13205.4
"Aug 05, 2005",203091,130543,129872,101220,101094,66381,27811,13205.4
"Aug 12, 2005",198122,127584,131063,108864,107814,65856,27874,13205.4
"Aug 19, 2005",194877,125928,132489,111468,108696,66297,28196,13205.4
"Aug 26, 2005",194369,125450,135234,111426,108780,65842,28357,13205.4
"Sep 02, 2005",190067,121646,134418,130914,121716,63189,27965,13205.4
"Sep 09, 2005",191959,123377,133313,126084,119574,60452,27342,13205.4
"Sep 16, 2005",195431,126026,134133,119070,114744,61733,27083,13205.4
"Sep 23, 2005",199831,129275,133560,119742,117516,61852,26845,13205.4
"Sep 30, 2005",195454,125509,128034,124950,132048,61880,28238,13205.4
"Oct 07, 2005",192803,124944,124627,121632,132300,61481,27363,13381.6
"Oct 14, 2005",195710,128366,122712,116550,132216,62727,27300,13381.6
"Oct 21, 2005",195869,128318,121090,111384,132594,62867,30051,13381.6
"Oct 28, 2005",196904,130442,120931,106176,120792,63315,28462,13381.6
"Nov 04, 2005",201127,131108,120847,101808,113316,64722,29435,13381.6
"Nov 11, 2005",200175,132132,123374,98364,109284,64057,27419,13381.6
"Nov 18, 2005",200413,134457,124539,94374,105546,63868,29092,13381.6
"Nov 25, 2005",199868,134784,127852,92400,104118,64323,28021,13381.6
"Dec 02, 2005",202609,135649,130589,92022,101850,64547,28658,13381.6
"Dec 09, 2005",204375,136215,130501,93576,102312,64876,29792,13381.6
"Dec 16, 2005",204074,135260,127680,94710,103404,65282,32550,13381.6
"Dec 23, 2005",202853,134105,126790,94122,102816,64743,31234,13381.6
"Dec 30, 2005",204259,133972,128904,95802,102564,65506,28119,13381.6
"Jan 06, 2006",208778,135551,133766,99582,104370,62650,28252,13648.9
"Jan 13, 2006",211635,137077,134677,99372,102858,62013,28917,13648.9
"Jan 20, 2006",214763,138781,136466,100044,103824,61782,29750,13648.9
"Jan 27, 2006",219044,140897,136268,100884,104538,62153,29169,13648.9
"Feb 03, 2006",223344,143043,135955,100296,104958,62769,29582,13648.9
"Feb 10, 2006",225459,143323,136862,97902,103992,63581,29582,13648.9
"Feb 17, 2006",225648,142351,135602,96012,103110,63322,30506,13648.9
"Feb 24, 2006",225867,141578,134096,96516,103782,62657,29785,13648.9
"Mar 03, 2006",224765,139862,131436,99666,106890,63399,30492,13648.9
"Mar 10, 2006",223884,139722,127542,101136,106806,63742,31066,13648.9
"Mar 17, 2006",221563,136935,126672,107016,108402,63700,28532,13648.9
"Mar 24, 2006",216226,133923,124172,106764,107730,63378,28546,13648.9
"Mar 31, 2006",211782,129764,121608,110502,109914,63441,28273,13648.9
"Apr 07, 2006",207927,121761,117368,114534,111468,65079,29883,13799.8
"Apr 14, 2006",202482,116294,114580,118776,116130,63700,27965,13799.8
"Apr 21, 2006",200594,115416,115596,124320,120792,63084,27293,13799.8
"Apr 28, 2006",202708,113922,114530,124572,121632,63693,29197,13799.8
"May 05, 2006",205050,114290,114700,124110,121674,65422,29393,13799.8
"May 12, 2006",206375,114826,114580,125664,122640,65289,28875,13799.8
"May 19, 2006",208483,117668,117057,123396,121296,64351,27580,13799.8
"May 26, 2006",209277,119635,118892,122346,121044,66010,28994,13799.8
"Jun 02, 2006",210331,120581,120653,123354,121380,65569,28112,13799.8
"Jun 09, 2006",213146,121242,122759,123942,122556,65891,28560,13799.8
"Jun 16, 2006",213440,122302,124450,122514,122430,66003,28609,13799.8
"Jun 23, 2006",212350,122234,126287,122388,120414,66780,28637,13799.8
"Jun 30, 2006",213077,122082,127323,125118,121716,67515,28854,13799.8
"Jul 07, 2006",212651,120612,129899,126714,122556,67347,29274,13908.5
"Jul 14, 2006",214194,120857,131098,127386,122892,66983,29120,13908.5
"Jul 21, 2006",211030,119638,131897,128016,123732,67011,29057,13908.5
"Jul 28, 2006",210868,118285,132558,128100,125160,67473,28511,13908.5
"Aug 04, 2006",207659,116573,132422,129486,128310,67879,28168,13908.5
"Aug 11, 2006",205393,116155,133170,127974,128730,66710,27342,13908.5
"Aug 18, 2006",205795,115712,135481,124782,127386,66997,28735,13908.5
"Aug 25, 2006",206162,114857,136845,121506,127134,67270,29652,13908.5
"Sep 01, 2006",206880,114397,139947,116634,124614,67354,29162,13908.5
"Sep 08, 2006",206994,113503,144588,112140,119994,65576,28343,13908.5
"Sep 15, 2006",207554,113635,148670,107058,113946,64603,28945,13908.5
"Sep 22, 2006",213899,118060,151288,102018,108990,65009,28987,13908.5
"Sep 29, 2006",215052,118527,151466,99120,106932,63567,29533,13908.5
"Oct 06, 2006",215397,118733,149946,97020,105252,64694,30261,14066.4
"Oct 13, 2006",210175,117779,145399,95508,105126,65086,31675,14066.4
"Oct 20, 2006",207416,114456,143981,94710,106008,66577,29953,14066.4
"Oct 27, 2006",204617,112124,141258,95088,105714,66493,32130,14066.4
"Nov 03, 2006",204033,111178,138583,94332,105252,64792,30548,14066.4
"Nov 10, 2006",200252,110548,135018,95676,107184,63770,32221,14066.4
"Nov 17, 2006",201658,110431,133820,95970,107226,64043,29470,14066.4
"Nov 24, 2006",201069,109606,132818,96264,107814,65240,29652,14066.4
"Dec 01, 2006",200031,109832,132359,98364,109956,66339,29925,14066.4
"Dec 08, 2006",199857,110768,131914,98280,110082,65758,30100,14066.4
"Dec 15, 2006",200915,111063,133120,99372,109452,66437,30275,14066.4
"Dec 22, 2006",203853,114090,133592,100254,109032,64603,30457,14066.4
"Dec 29, 2006",209532,116176,135563,100044,108360,64729,29029,14066.4
"Jan 05, 2007",213295,118281,140965,98868,106554,64407,27853,14233.2
"Jan 12, 2007",216786,120762,141875,95760,103446,63420,27846,14233.2
"Jan 19, 2007",220795,122670,142625,93072,102060,63056,28749,14233.2
"Jan 26, 2007",224614,124064,139977,92946,101346,63630,31780,14233.2
"Feb 02, 2007",227214,124879,136345,93954,102270,63952,32557,14233.2
"Feb 09, 2007",225156,124374,133327,96054,103992,63427,32963,14233.2
"Feb 16, 2007",222115,123153,128290,98322,104622,64386,33138,14233.2
"Feb 23, 2007",220175,121956,124503,101976,107142,63847,32970,14233.2
"Mar 02, 2007",216425,118353,123172,107142,110292,64337,31486,14233.2
"Mar 09, 2007",213939,116483,120439,109410,112770,64106,31332,14233.2
"Mar 16, 2007",210489,115660,118729,110166,112602,64680,31234,14233.2
"Mar 23, 2007",210231,115334,118029,111510,112392,64750,30436,14233.2
"Mar 30, 2007",205201,112759,117952,115626,117180,66437,30016,14233.2
"Apr 06, 2007",199725,107475,118122,119616,119280,66304,30156,14422.3
"Apr 13, 2007",197007,105803,117327,122724,120834,64729,30996,14422.3
"Apr 20, 2007",194214,104676,117332,122514,119742,64141,29820,14422.3
"Apr 27, 2007",193099,103745,117134,126714,118062,64820,30023,14422.3
"May 04, 2007",193471,104471,118764,130074,117264,65408,28938,14422.3
"May 11, 2007",195235,105463,119756,132006,116466,65828,28644,14422.3
"May 18, 2007",196666,107079,120268,136836,117726,66031,29127,14422.3
"May 25, 2007",198027,108665,120415,136500,118314,66395,30345,14422.3
"Jun 01, 2007",201537,110262,122279,134400,117558,66465,28588,14422.3
"Jun 08, 2007",201540,111971,122566,131124,117264,66409,28553,14422.3
"Jun 15, 2007",203331,111943,122723,128394,117810,67137,28602,14422.3
"Jun 22, 2007",202582,112600,120448,127218,119070,67025,30737,14422.3
"Jun 29, 2007",204433,114073,121610,126210,118818,66899,28070,14422.3
"Jul 06, 2007",205576,113684,122370,127092,119658,67641,28252,14569.7
"Jul 13, 2007",203341,111751,122225,129864,121338,67970,28763,14569.7
"Jul 20, 2007",204134,111613,123653,126210,121338,67816,28301,14569.7
"Jul 27, 2007",204720,111482,126542,122892,121212,67634,28770,14569.7
"Aug 03, 2007",202997,110393,127516,121296,121716,67025,28770,14569.7
"Aug 10, 2007",201940,109976,127669,118482,119574,67004,29106,14569.7
"Aug 17, 2007",196231,108068,129025,118944,120456,68334,30016,14569.7
"Aug 24, 2007",192564,106695,129914,117432,120246,67382,29393,14569.7
"Aug 31, 2007",191083,105940,132170,119280,121506,67039,29505,14569.7
"Sep 07, 2007",190417,104741,133963,120204,122808,65751,28469,14569.7
"Sep 14, 2007",190834,105025,135527,119070,124488,64729,28210,14569.7
"Sep 21, 2007",191366,104045,137060,120120,127344,64645,28469,14569.7
"Sep 28, 2007",191325,103809,135887,119196,128016,63840,29925,14569.7
"Oct 05, 2007",193000,105425,135324,118482,127470,64400,31269,14685.3
"Oct 12, 2007",195768,105408,136318,118146,127638,64771,29141,14685.3
"Oct 19, 2007",193837,104718,134471,120666,129948,65611,29932,14685.3
"Oct 26, 2007",195132,105152,135279,122682,132594,65485,29092,14685.3
"Nov 02, 2007",194313,104541,135377,128520,138726,65569,29666,14685.3
"Nov 09, 2007",195027,104380,133412,132636,143850,64309,31640,14685.3
"Nov 16, 2007",195190,104516,131005,132216,143220,64554,32221,14685.3
"Nov 23, 2007",196628,104304,130916,132174,144648,65492,30310,14685.3
"Nov 30, 2007",200623,105392,132344,130746,143472,64862,29764,14685.3
"Dec 07, 2007",202241,106087,131534,128226,139650,65436,30380,14685.3
"Dec 14, 2007",205221,106784,129376,128100,138978,65009,32844,14685.3
"Dec 21, 2007",205857,105695,126608,127344,138936,66122,32564,14685.3
"Dec 28, 2007",207842,106527,127177,130368,140490,65002,30380,14685.3
"Jan 04, 2008",213063,107811,128693,132678,141792,65128,29561,14668.4
"Jan 11, 2008",215256,109073,129845,130998,139692,63812,29512,14668.4
"Jan 18, 2008",220341,111063,128543,128940,137340,62748,30429,14668.4
"Jan 25, 2008",223899,113237,127004,127260,136878,62580,29442,14668.4
"Feb 01, 2008",227487,114683,127139,127260,137760,62412,29183,14668.4
"Feb 08, 2008",229236,115681,126973,126462,137760,63140,29372,14668.4
"Feb 15, 2008",230264,115778,122527,129864,142632,63875,33775,14668.4
"Feb 22, 2008",232619,116545,119952,133560,149184,63315,29743,14668.4
"Feb 29, 2008",234276,117783,117625,134904,153636,63497,30254,14668.4
"Mar 07, 2008",235967,118680,116400,137466,160398,63917,28140,14668.4
"Mar 14, 2008",232520,117203,113490,139944,166908,63497,30394,14668.4
"Mar 21, 2008",229235,114653,111349,139020,167538,63812,29589,14668.4
"Mar 28, 2008",224710,111100,109720,140238,166488,65310,29624,14668.4
"Apr 04, 2008",221268,110463,106027,142002,166110,65002,31255,14813
"Apr 11, 2008",215751,107956,106079,144396,170478,65366,28476,14813
"Apr 18, 2008",212572,107399,104702,149394,174006,64505,30520,14813
"Apr 25, 2008",211089,107938,105831,153426,175434,64323,28952,14813
"May 02, 2008",211883,105407,105724,153846,174258,65177,29316,14813
"May 09, 2008",210168,103481,107062,158382,181902,65401,28868,14813
"May 16, 2008",209413,103778,107790,161280,188874,65513,29295,14813
"May 23, 2008",206155,103839,109431,167412,198366,65611,28546,14813
"May 30, 2008",209090,105616,111704,169092,197694,63903,28798,14813
"Jun 06, 2008",210088,105560,113981,171780,197064,65877,28175,14813
"Jun 13, 2008",208910,106241,116598,173628,197064,64757,28490,14813
"Jun 20, 2008",208757,106292,119421,173502,195216,65338,28280,14813
"Jun 27, 2008",210857,106707,120685,174132,195090,65499,30009,14813
"Jul 04, 2008",211766,106682,122501,174930,198534,65429,29904,14843
"Jul 11, 2008",214238,107192,125690,174888,200088,65408,28882,14843
"Jul 18, 2008",217085,108249,128109,172956,198156,65394,28539,14843
"Jul 25, 2008",213560,105516,130505,168420,193326,66276,29393,14843
"Aug 01, 2008",209216,102600,133346,165270,189084,66388,29064,14843
"Aug 08, 2008",202822,98327,131587,162288,182826,66122,30842,14843
"Aug 15, 2008",196620,95702,132068,159348,176694,65961,28609,14843
"Aug 22, 2008",195441,94861,132125,156996,174090,65877,29316,14843
"Aug 29, 2008",194404,95768,131712,156786,173082,65968,30436,14843
"Sep 05, 2008",187942,91888,130460,155442,170478,63630,27265,14843
"Sep 12, 2008",184634,89275,129625,163254,168966,62349,26096,14843
"Sep 19, 2008",178739,85940,125449,158424,166236,61187,26124,14843
"Sep 26, 2008",179640,86788,123090,154854,166278,61110,27216,14843
"Oct 03, 2008",186815,90846,122601,148806,162750,60837,27496,14549.9
"Oct 10, 2008",193788,94973,122148,134946,153678,62258,28028,14549.9
"Oct 17, 2008",196497,95481,124304,124908,146244,63455,27832,14549.9
"Oct 24, 2008",194990,94473,126629,114156,138096,63399,28259,14549.9
"Oct 31, 2008",196113,95025,127835,103404,129696,63665,28210,14549.9
"Nov 07, 2008",198095,95203,128351,95928,123648,63014,27475,14549.9
"Nov 14, 2008",198634,94870,126880,89544,117978,62734,28392,14549.9
"Nov 21, 2008",200476,95206,126694,81984,111888,61908,28602,14549.9
"Nov 28, 2008",198942,93413,124973,78540,109830,62531,27244,14549.9
"Dec 05, 2008",202664,93490,130587,73836,105630,63105,25704,14549.9
"Dec 12, 2008",203959,93639,133523,72072,101724,64225,28630,14549.9
"Dec 19, 2008",207295,95557,135337,71820,99372,62069,28714,14549.9
"Dec 26, 2008",208103,94635,136031,70140,97734,63742,30170,14549.9
"Jan 02, 2009",211437,95957,137821,72954,96222,62930,30226,14383.9
"Jan 09, 2009",213505,96193,144167,77070,97188,61306,25578,14383.9
"Jan 16, 2009",219980,97208,144957,79716,96432,60487,28574,14383.9
"Jan 23, 2009",219859,98483,143952,79380,95256,60550,29806,14383.9
"Jan 30, 2009",220221,96867,142591,81648,94332,63105,29540,14383.9
"Feb 06, 2009",217559,94452,141565,83076,93198,63042,28805,14383.9
"Feb 13, 2009",218664,93469,140752,84672,91812,62356,30513,14383.9
"Feb 20, 2009",215342,93092,141634,82446,89460,63070,27916,14383.9
"Feb 27, 2009",215510,91214,143296,83496,87654,64428,26348,14383.9
"Mar 06, 2009",212517,90368,145404,83706,85890,62804,26488,14383.9
"Mar 13, 2009",215712,89998,145516,82488,84714,62685,26047,14383.9
"Mar 20, 2009",214568,88701,143932,84588,87780,63700,27496,14383.9
"Mar 27, 2009",216793,87236,144153,88074,93282,63875,25571,14383.9
"Apr 03, 2009",217449,87331,140799,87780,93576,63168,28455,14340.4
"Apr 10, 2009",216505,88599,139629,88368,93618,62608,26383,14340.4
"Apr 17, 2009",217307,88316,142311,88704,93282,63952,24164,14340.4
"Apr 24, 2009",212612,85878,144105,88284,92442,64057,24087,14340.4
"May 01, 2009",212445,86250,146533,89418,91770,62461,24122,14340.4
"May 08, 2009",208291,85936,147455,96180,93072,62377,25375,14340.4
"May 15, 2009",203954,83593,148127,99120,93702,64624,25487,14340.4
"May 22, 2009",203417,83289,148375,104370,95508,66766,25452,14340.4
"May 29, 2009",203202,82666,150036,108024,98784,63140,24185,14340.4
"Jun 05, 2009",201649,82119,149718,112266,104916,63987,25004,14340.4
"Jun 12, 2009",205034,81647,150026,114324,108024,65478,23688,14340.4
"Jun 19, 2009",208905,83461,152103,115206,109872,63903,23681,14340.4
"Jun 26, 2009",211238,85472,154999,113190,109536,63371,22799,14340.4
"Jul 03, 2009",213140,86440,158738,111972,108948,64603,21273,14384.1
"Jul 10, 2009",214578,85710,159291,108528,106764,64141,24073,14384.1
"Jul 17, 2009",215391,85810,160509,105798,104832,64785,24185,14384.1
"Jul 24, 2009",213076,85644,162617,107394,106176,64197,22855,14384.1
"Jul 31, 2009",212858,85622,161481,109620,107100,64393,23982,14384.1
"Aug 07, 2009",211931,85491,162267,113400,110250,62657,22386,14384.1
"Aug 14, 2009",209754,84462,161617,113022,111384,64435,24262,14384.1
"Aug 21, 2009",208054,85488,162384,112644,112056,63735,23884,14384.1
"Aug 28, 2009",205085,84519,163563,112014,112308,66346,24479,14384.1
"Sep 04, 2009",207153,84505,165556,110964,111174,64981,24374,14384.1
"Sep 11, 2009",207700,84809,167793,110544,110628,63007,23485,14384.1
"Sep 18, 2009",213109,85911,170754,109494,110124,61530,23121,14384.1
"Sep 25, 2009",211452,86233,171077,107268,109242,63882,23863,14384.1
"Oct 02, 2009",214389,86899,171756,105966,108444,64883,24689,14566.5
"Oct 09, 2009",209159,81648,170672,106806,109200,64792,24899,14566.5
"Oct 16, 2009",206945,77701,169888,110292,113610,62650,24409,14566.5
"Oct 23, 2009",208564,77522,167754,114534,117642,62006,25459,14566.5
"Oct 30, 2009",208277,78012,167376,115332,117936,63105,24990,14566.5
"Nov 06, 2009",210837,78807,167725,114240,117642,61908,24801,14566.5
"Nov 13, 2009",209082,79171,167397,112728,117180,63105,25214,14566.5
"Nov 20, 2009",210085,79766,166868,113148,117054,63644,25627,14566.5
"Nov 27, 2009",214081,80738,165698,112728,116550,62601,25053,14566.5
"Dec 04, 2009",216334,81497,167317,112938,116424,63084,23240,14566.5
"Dec 11, 2009",217213,83014,164363,111510,115416,62741,26544,14566.5
"Dec 18, 2009",216330,82747,161336,111090,114492,63315,27916,14566.5
"Dec 25, 2009",215964,82509,159281,111804,114744,63518,25592,14566.5
"Jan 01, 2010",219701,85058,159048,114156,117474,61187,24822,14681.1
"Jan 08, 2010",223492,83995,160401,117768,120918,61180,25298,14681.1
"Jan 15, 2010",227442,84169,157138,117306,120540,60214,26761,14681.1
"Jan 22, 2010",229427,84453,157496,115920,118986,60333,26075,14681.1
"Jan 29, 2010",228121,84582,156548,114114,116802,60291,25613,14681.1
"Feb 05, 2010",230445,85705,156192,113694,116298,61362,25872,14681.1
"Feb 12, 2010",232065,85227,153255,111888,115752,59647,26509,14681.1
"Feb 19, 2010",231170,84180,152664,113778,118944,63448,25634,14681.1
"Feb 26, 2010",231943,83951,151821,115752,120162,62174,26803,14681.1
"Mar 05, 2010",228984,81922,149604,117768,121968,62944,25515,14681.1
"Mar 12, 2010",227274,82646,148113,119322,122808,61943,26334,14681.1
"Mar 19, 2010",224559,81773,145691,120540,123732,63609,26663,14681.1
"Mar 26, 2010",224872,80932,144606,119742,123438,63420,25522,14681.1
"Apr 02, 2010",222374,80562,145680,120834,126630,63532,25459,14888.6
"Apr 09, 2010",221338,79809,146787,122178,128898,65275,25081,14888.6
"Apr 16, 2010",224925,81503,148883,122262,129108,64064,24262,14888.6
"Apr 23, 2010",223685,81215,151820,121842,129276,65030,25179,14888.6
"Apr 30, 2010",224942,80078,152393,123900,131124,64974,27265,14888.6
"May 07, 2010",222128,79021,153789,124236,131334,63980,27230,14888.6
"May 14, 2010",221834,79497,152810,122556,129948,63644,28602,14888.6
"May 21, 2010",221631,78571,152543,119364,126882,63693,28147,14888.6
"May 28, 2010",218984,77845,152988,116928,125160,64218,28217,14888.6
"Jun 04, 2010",218976,77189,154824,116760,123732,64358,27321,14888.6
"Jun 11, 2010",218340,77388,156622,115752,122976,65366,26915,14888.6
"Jun 18, 2010",217578,77749,156919,117390,124362,64687,26488,14888.6
"Jun 25, 2010",218115,76917,159376,117978,124152,66234,24850,14888.6
"Jul 02, 2010",219435,76267,159697,116718,122808,66143,27643,15057.7
"Jul 09, 2010",221036,78668,162640,116382,121926,63560,24689,15057.7
"Jul 16, 2010",222154,77629,166575,116550,121758,66045,23506,15057.7
"Jul 23, 2010",222245,77580,167513,117642,122598,67424,25193,15057.7
"Jul 30, 2010",222974,76791,169686,117096,122976,66339,24248,15057.7
"Aug 06, 2010",223383,76755,173142,119070,125622,64652,23800,15057.7
"Aug 13, 2010",223344,76424,174211,117516,125118,66213,25718,15057.7
"Aug 20, 2010",225617,77530,175974,115878,124194,65625,25396,15057.7
"Aug 27, 2010",225405,76200,175235,114912,123396,65702,27489,15057.7
"Sep 03, 2010",225162,76756,174847,114870,123102,64841,27524,15057.7
"Sep 10, 2010",224468,76639,174507,116424,123606,63133,26894,15057.7
"Sep 17, 2010",226058,77268,174854,116550,124320,61929,25823,15057.7
"Sep 24, 2010",222589,74940,173589,115374,123942,65681,27293,15057.7
"Oct 01, 2010",219943,73333,172465,116928,126000,62923,26068,15230.2
"Oct 08, 2010",218174,71811,172210,120582,128772,61684,25928,15230.2
"Oct 15, 2010",219329,72635,170055,121254,129066,62237,27678,15230.2
"Oct 22, 2010",214942,71189,168442,120540,128814,65506,28448,15230.2
"Oct 29, 2010",212253,70528,164874,120162,128814,63105,28742,15230.2
"Nov 05, 2010",210336,69448,159902,122514,130872,63392,30758,15230.2
"Nov 12, 2010",207679,68446,158792,123648,133728,62664,26460,15230.2
"Nov 19, 2010",209592,69138,158251,123102,133182,61803,26628,15230.2
"Nov 26, 2010",210153,68076,158057,122304,132804,62069,25676,15230.2
"Dec 03, 2010",213964,69554,160211,126546,134274,64197,25648,15230.2
"Dec 10, 2010",214773,69232,161305,127470,135702,65443,26397,15230.2
"Dec 17, 2010",217173,70251,160716,127554,136416,64491,28343,15230.2
"Dec 24, 2010",214857,68768,160959,130452,138348,65793,27937,15230.2
"Dec 31, 2010",218146,68365,162107,131208,139902,61971,26145,15230.2
"Jan 07, 2011",223227,67117,164759,131964,139986,61733,24983,15238.4
"Jan 14, 2011",227670,66820,165797,132636,143094,61425,25277,15238.4
"Jan 21, 2011",230074,67102,165657,132846,144060,60424,25970,15238.4
"Jan 28, 2011",236228,68543,164078,132510,144396,59843,27237,15238.4
"Feb 04, 2011",240891,72053,164366,133770,147546,59668,25774,15238.4
"Feb 11, 2011",241096,73764,161270,134106,148428,61670,27853,15238.4
"Feb 18, 2011",238298,73269,159937,136206,150066,63707,25578,15238.4
"Feb 25, 2011",234708,72910,159186,144270,156072,64134,25879,15238.4
"Mar 04, 2011",229214,71005,155209,150024,162582,64344,29442,15238.4
"Mar 11, 2011",225040,68692,152608,152082,164136,61810,27370,15238.4
"Mar 18, 2011",219720,66986,152615,151914,164094,63518,26397,15238.4
"Mar 25, 2011",217036,64682,153325,153300,165144,62062,25459,15238.4
"Apr 01, 2011",216679,63142,153520,156954,166992,61971,25704,15238.4
"Apr 08, 2011",209679,60647,150839,161406,171276,64267,26600,15238.4
"Apr 15, 2011",208096,60252,148335,163632,172410,63434,28784,15238.4
"Apr 22, 2011",205588,58042,146530,165144,172116,64036,26159,15238.4
"Apr 29, 2011",204542,56511,145132,168588,173208,62601,27251,15238.4
"May 06, 2011",205817,55783,144289,168756,172368,61782,26383,15460.9
"May 13, 2011",205936,55320,143132,168588,170562,63336,25340,15460.9
"May 20, 2011",209730,56551,141092,163968,167874,63175,27888,15460.9
"May 27, 2011",212283,56306,140116,161616,165816,66017,26922,15460.9
"Jun 03, 2011",214492,57520,140926,160986,165480,64141,26614,15460.9
"Jun 10, 2011",215065,57674,140821,158214,166068,65590,25228,15460.9
"Jun 17, 2011",214601,58361,141994,155736,165900,65233,23933,15460.9
"Jun 24, 2011",213173,56412,142252,152502,163296,64827,24864,15460.9
"Jul 01, 2011",212539,56755,142061,152628,161700,65163,26201,15587.1
"Jul 08, 2011",211699,54424,145028,155190,163758,63112,23268,15587.1
"Jul 15, 2011",212456,54588,148460,156912,164766,63196,23814,15587.1
"Jul 22, 2011",213478,55284,151845,157668,165858,62993,24206,15587.1
"Jul 29, 2011",215179,53561,152254,158172,165354,64505,27986,15587.1
"Aug 05, 2011",213591,54621,151517,156660,163674,64708,27622,15587.1
"Aug 12, 2011",210081,53569,153966,153804,161070,64365,24871,15587.1
"Aug 19, 2011",211436,54379,155697,152796,160020,63063,26950,15587.1
"Aug 26, 2011",208641,54538,156060,154644,160440,64603,28602,15587.1
"Sep 02, 2011",208840,54072,156769,156534,162456,62692,26971,15587.1
"Sep 09, 2011",210780,56011,158480,156030,162204,61936,25606,15587.1
"Sep 16, 2011",214075,55662,157606,153594,160986,62006,27125,15587.1
"Sep 23, 2011",214866,55733,157678,149856,159012,62748,26726,15587.1
"Sep 30, 2011",213729,56226,156934,146664,157458,62713,28700,15587.1
"Oct 07, 2011",209595,53473,154005,145992,156282,63070,28476,15785.3
"Oct 14, 2011",206271,55312,149739,148386,159642,60186,29281,15785.3
"Oct 21, 2011",204918,54911,145464,147840,160650,59507,29743,15785.3
"Oct 28, 2011",206274,55304,141889,147462,163464,59626,30618,15785.3
"Nov 04, 2011",204167,53510,135869,146244,163254,60697,30534,15785.3
"Nov 11, 2011",205159,53908,133733,146790,167454,60375,29323,15785.3
"Nov 18, 2011",209634,56610,132963,143934,168420,60144,28483,15785.3
"Nov 25, 2011",209847,56140,138489,141456,166488,61383,22680,15785.3
"Dec 02, 2011",214994,56871,141022,140700,165102,60018,27440,15785.3
"Dec 09, 2011",218818,60136,141502,140532,163548,60662,27671,15785.3
"Dec 16, 2011",218406,60618,139149,138180,160776,62153,30800,15785.3
"Dec 23, 2011",217714,61190,140354,139314,159222,62461,26628,15785.3
"Dec 30, 2011",220193,60416,143578,141036,158886,59892,24696,15785.3
"Jan 06, 2012",223803,60872,147563,144522,160776,57253,22953,15973.9
"Jan 13, 2012",227520,62332,148001,144942,161868,55972,25445,15973.9
"Jan 20, 2012",227130,61457,145545,144900,161616,56686,27202,15973.9
"Jan 27, 2012",230147,62381,145410,147000,161700,56126,26152,15973.9
"Feb 03, 2012",231776,62706,146584,148764,161952,56273,24052,15973.9
"Feb 10, 2012",232176,63389,143717,150528,165606,57169,26677,15973.9
"Feb 17, 2012",231527,61869,143509,153384,166320,60396,23268,15973.9
"Feb 24, 2012",229927,61159,141440,158760,170142,58541,25711,15973.9
"Mar 02, 2012",229531,60024,139496,161658,171948,57834,24815,15973.9
"Mar 09, 2012",228121,58670,134814,163128,173166,58905,26824,15973.9
"Mar 16, 2012",226907,59269,136577,164766,173964,58653,22519,15973.9
"Mar 23, 2012",223370,57320,135866,166866,174174,60970,25172,15973.9
"Mar 30, 2012",221913,57261,135885,167832,173964,61481,25179,15973.9
"Apr 06, 2012",217636,56389,131885,167874,174216,60767,27524,16121.9
"Apr 13, 2012",213965,54591,128977,167160,173334,61425,28112,16121.9
"Apr 20, 2012",211730,54299,125925,165018,171570,59472,26572,16121.9
"Apr 27, 2012",209721,52952,124022,163338,171066,60844,24850,16121.9
"May 04, 2012",207108,51852,120771,161658,170394,62048,27699,16121.9
"May 11, 2012",204311,50138,119802,160188,168168,62797,25536,16121.9
"May 18, 2012",201012,50028,119493,158466,166152,60431,25256,16121.9
"May 25, 2012",200179,49143,117784,156576,163674,62517,27020,16121.9
"Jun 01, 2012",203525,49862,120037,154182,161532,60536,23653,16121.9
"Jun 08, 2012",201801,50351,119974,152418,158802,63910,25795,16121.9
"Jun 15, 2012",202744,50674,121130,150738,156618,60851,24535,16121.9
"Jun 22, 2012",204822,51600,118851,146748,154476,61922,26789,16121.9
"Jun 29, 2012",204973,51894,117800,143430,153216,63007,26943,16121.9
"Jul 06, 2012",207725,51952,120912,145698,154686,62419,22708,16227.9
"Jul 13, 2012",205910,51261,123531,146370,155190,60396,23562,16227.9
"Jul 20, 2012",210044,53160,125239,149268,158886,60620,24374,16227.9
"Jul 27, 2012",207870,52608,124265,149856,159432,61740,26222,16227.9
"Aug 03, 2012",206069,53578,123541,155484,161700,61873,26530,16227.9
"Aug 10, 2012",203698,51794,124218,158718,166530,65156,24983,16227.9
"Aug 17, 2012",202736,51230,125210,159726,169092,63567,24927,16227.9
"Aug 24, 2012",201227,50162,126083,161154,171738,63448,24941,16227.9
"Aug 31, 2012",198893,48613,127076,163926,173334,64239,22547,16227.9
"Sep 07, 2012",197716,48965,128552,164094,173544,60865,22883,16227.9
"Sep 14, 2012",196309,50248,128230,165438,173670,60424,25795,16227.9
"Sep 21, 2012",195828,48811,127748,163338,171612,61390,25928,16227.9
"Sep 28, 2012",195942,49720,124059,162372,171318,60431,28644,16227.9
"Oct 05, 2012",195408,47590,120882,164388,171948,60109,26754,16297.3
"Oct 12, 2012",197128,47612,118664,163212,174300,61103,27153,16297.3
"Oct 19, 2012",198567,48898,118018,157752,172872,59451,24682,16297.3
"Oct 26, 2012",199502,49637,117925,152796,169260,61908,24801,16297.3
"Nov 02, 2012",202377,51532,118056,149646,168420,58149,25123,16297.3
"Nov 09, 2012",201937,51354,115517,147756,167160,62356,28742,16297.3
"Nov 16, 2012",200390,51416,112842,146874,166992,62286,29407,16297.3
"Nov 23, 2012",204255,51571,112042,147210,169428,58989,26859,16297.3
"Nov 30, 2012",212115,55286,115069,145446,169134,58478,24808,16297.3
"Dec 07, 2012",217115,56285,118055,143598,167622,59416,24500,16297.3
"Dec 14, 2012",219322,55657,116970,139608,165690,60326,29498,16297.3
"Dec 21, 2012",223104,59457,119393,139776,164766,60256,25977,16297.3
"Dec 28, 2012",225673,59177,123967,141498,164556,59626,22792,16297.3
"Jan 04, 2013",233085,58636,130744,141666,164262,56070,21602,16475.4
"Jan 11, 2013",234995,57343,132430,141834,163548,58240,24122,16475.4
"Jan 18, 2013",233257,57599,132938,142212,163884,59017,23604,16475.4
"Jan 25, 2013",232301,58755,130623,143934,164934,59507,26047,16475.4
"Feb 01, 2013",234039,58026,129581,151368,168924,58905,25368,16475.4
"Feb 08, 2013",233236,58140,125904,154434,172368,58828,27594,16475.4
"Feb 15, 2013",230352,58300,123627,160104,174594,59059,26656,16475.4
"Feb 22, 2013",228495,58659,124184,161742,174678,60179,24514,16475.4
"Mar 01, 2013",227879,56289,120354,160692,173460,58548,26999,16475.4
"Mar 08, 2013",224308,54519,120437,158718,171696,60389,23436,16475.4
"Mar 15, 2013",222832,52512,119765,158088,169974,58268,25060,16475.4
"Mar 22, 2013",221236,51991,115252,157332,168252,58793,29554,16475.4
"Mar 29, 2013",220664,51592,112986,155988,167706,59661,27167,16475.4
"Apr 05, 2013",222363,50213,112817,154392,167034,59339,26964,16541.4
"Apr 12, 2013",221730,50569,115181,151662,165564,58681,25382,16541.4
"Apr 19, 2013",217802,48948,115278,151326,163254,61250,25116,16541.4
"Apr 26, 2013",215984,48233,115752,150654,161742,58905,25655,16541.4
"May 03, 2013",215074,46492,117564,151284,161490,59115,25648,16541.4
"May 10, 2013",217662,47316,119864,153930,162372,58387,25039,16541.4
"May 17, 2013",220677,48187,118812,156618,163380,61530,29540,16541.4
"May 24, 2013",219163,46532,120663,155568,162960,62692,26712,16541.4
"May 31, 2013",218797,48060,123274,155610,162498,61754,26257,16541.4
"Jun 07, 2013",221545,50721,122111,156030,161658,60536,28546,16541.4
"Jun 14, 2013",221728,50473,121622,154938,161322,61880,28105,16541.4
"Jun 21, 2013",225381,50484,123189,153090,161196,62258,27258,16541.4
"Jun 28, 2013",223662,49285,120771,149814,160314,65058,31150,16541.4
"Jul 05, 2013",221028,49473,123809,149646,160776,65093,26901,16749.3
"Jul 12, 2013",224083,50280,127679,155652,162414,61103,26719,16749.3
"Jul 19, 2013",222694,50355,126452,157542,163926,62874,30163,16749.3
"Jul 26, 2013",223464,51222,125986,156072,164430,64029,27839,16749.3
"Aug 02, 2013",223599,51949,126455,155442,164178,64722,27118,16749.3
"Aug 09, 2013",222430,49553,128482,152586,163632,64330,25277,16749.3
"Aug 16, 2013",218401,49474,129353,152124,163800,64400,25284,16749.3
"Aug 23, 2013",217814,50082,129037,152166,164346,63217,26894,16749.3
"Aug 30, 2013",215987,47996,129586,154476,167202,63658,26628,16749.3
"Sep 06, 2013",217645,48890,132172,153636,167202,60235,24661,16749.3
"Sep 13, 2013",216018,48341,131093,151998,166908,63196,28357,16749.3
"Sep 20, 2013",216235,47279,130859,149814,165858,61922,25067,16749.3
"Sep 27, 2013",219730,47733,129179,146958,164598,59689,26817,16749.3
"Oct 04, 2013",219879,48007,126038,144522,163674,61922,26782,16999.9
"Oct 11, 2013",217309,47525,124237,144060,163212,63539,26117,16999.9
"Oct 18, 2013",215504,47367,125774,144270,163212,61579,23310,16999.9
"Oct 25, 2013",213791,47635,122716,141624,162540,63378,29092,16999.9
"Nov 01, 2013",210036,38783,117817,140406,161994,65044,31584,16999.9
"Nov 08, 2013",209198,39326,117336,137508,160944,63224,26530,16999.9
"Nov 15, 2013",208853,39517,112541,138516,160524,62468,30331,16999.9
"Nov 22, 2013",210604,40704,110875,141624,161448,62363,28168,16999.9
"Nov 29, 2013",212432,39283,113524,140826,163086,62111,24850,16999.9
"Dec 06, 2013",219149,41581,118065,140700,162918,58436,23128,16999.9
"Dec 13, 2013",220486,41493,115955,139482,162582,63112,28623,16999.9
"Dec 20, 2013",219872,42195,114105,140742,162666,64232,29197,16999.9
"Dec 27, 2013",220716,40062,119147,143178,163926,62251,23198,16999.9
"Jan 03, 2014",226959,42567,124973,143262,164220,57918,21154,17031.3
"Jan 10, 2014",233142,41263,123950,143052,163212,56147,26068,17031.3
"Jan 17, 2014",235265,41072,120738,141792,162666,56413,26453,17031.3
"Jan 24, 2014",234446,41699,116154,141750,163968,60088,31668,17031.3
"Jan 31, 2014",234951,40394,113794,141624,165942,59164,27580,17031.3
"Feb 07, 2014",233098,40185,113063,142296,167034,58275,25725,17031.3
"Feb 14, 2014",233407,41427,112724,145194,167538,56210,25361,17031.3
"Feb 21, 2014",230600,38573,113062,147840,168714,59745,25319,17031.3
"Feb 28, 2014",228996,38976,114476,149226,168672,58877,24822,17031.3
"Mar 07, 2014",223766,37855,113943,150528,168882,62643,25879,17031.3
"Mar 14, 2014",222299,38958,110846,151998,168126,59584,29113,17031.3
"Mar 21, 2014",217198,35066,112401,152124,167496,63014,24332,17031.3
"Mar 28, 2014",215624,34171,112955,153342,166950,60991,26565,17031.3
"Apr 04, 2014",210436,33361,113194,154140,166278,62972,27489,17320.9
"Apr 11, 2014",210282,32345,111916,156450,165984,60312,29155,17320.9
"Apr 18, 2014",210008,32282,112513,157836,166782,59010,26838,17320.9
"Apr 25, 2014",211572,29208,114449,159096,166950,60851,27363,17320.9
"May 02, 2014",213180,28750,114002,157962,166488,61033,30275,17320.9
"May 09, 2014",212408,29242,112878,157332,165816,64337,29897,17320.9
"May 16, 2014",213378,29770,116277,157206,165228,64218,26537,17320.9
"May 23, 2014",211575,28741,116081,157500,164850,65170,29407,17320.9
"May 30, 2014",211785,29115,118093,158130,164556,63728,29099,17320.9
"Jun 06, 2014",213482,28105,118953,157458,163464,60368,27181,17320.9
"Jun 13, 2014",214267,29801,119389,157920,163044,64806,26677,17320.9
"Jun 20, 2014",214977,29046,120566,158676,164598,61691,25522,17320.9
"Jun 27, 2014",213742,28976,121541,158676,164640,64176,26446,17320.9
"Jul 04, 2014",214321,29850,121768,157626,164346,62545,27762,17622.3
"Jul 11, 2014",214492,28277,124296,155904,163548,63399,26131,17622.3
"Jul 18, 2014",217871,29674,125932,154182,162498,61544,27419,17622.3
"Jul 25, 2014",218236,28666,126721,151914,162036,63042,26831,17622.3
"Aug 01, 2014",213849,28152,124923,150990,161826,65513,28238,17622.3
"Aug 08, 2014",212689,29132,122502,150444,161406,62454,28210,17622.3
"Aug 15, 2014",213274,28475,121542,149058,161070,61425,28014,17622.3
"Aug 22, 2014",212314,29049,122794,148344,160482,63700,25515,17622.3
"Aug 29, 2014",209992,27479,123399,148512,160188,66360,27629,17622.3
"Sep 05, 2014",212373,27476,127493,148428,160188,60277,23821,17622.3
"Sep 12, 2014",210738,28569,127772,146370,159642,60949,26810,17622.3
"Sep 19, 2014",210324,28753,128595,144144,158676,61467,26250,17622.3
"Sep 26, 2014",208488,28957,125701,144228,157710,60620,28819,17622.3
"Oct 03, 2014",209668,27502,126140,142044,156786,60515,24486,17735.9
"Oct 10, 2014",205673,26399,124622,138264,155316,63301,25970,17735.9
"Oct 17, 2014",204374,27184,125671,134610,153552,61852,23163,17735.9
"Oct 24, 2014",203138,26272,120377,131838,152670,62069,27482,17735.9
"Oct 31, 2014",201760,27169,119653,129234,152166,64134,24360,17735.9
"Nov 07, 2014",203565,26884,116850,127050,154434,63035,27769,17735.9
"Nov 14, 2014",204599,27673,114794,125076,153762,64358,26558,17735.9
"Nov 21, 2014",206424,28216,113146,122094,152376,64778,28840,17735.9
"Nov 28, 2014",208567,27252,116174,120288,151410,65975,25018,17735.9
"Dec 05, 2014",216764,29751,121751,116214,148470,59843,24262,17735.9
"Dec 12, 2014",222014,29443,121544,111006,143598,65611,29680,17735.9
"Dec 19, 2014",226097,29843,123847,104832,137802,66626,30128,17735.9
"Dec 26, 2014",229048,31538,125721,100464,134946,67298,29645,17735.9
"Jan 02, 2015",237163,30536,136926,96936,131754,61663,20055,17874.7
"Jan 09, 2015",240334,30096,139851,93744,128226,62125,27601,17874.7
"Jan 16, 2015",240922,30471,136579,90594,123186,61957,31668,17874.7
"Jan 23, 2015",238335,28730,132687,89586,120372,63154,31969,17874.7
"Jan 30, 2015",240670,29828,134475,90468,118902,59094,25788,17874.7
"Feb 06, 2015",242647,29428,131223,95592,119070,57974,30100,17874.7
"Feb 13, 2015",243132,28781,127409,99036,120330,61663,29750,17874.7
"Feb 20, 2015",240014,29351,124698,101430,121800,62405,29974,17874.7
"Feb 27, 2015",240060,31072,122976,107352,123312,60410,28371,17874.7
"Mar 06, 2015",239873,30930,125503,107940,123648,59605,26306,17874.7
"Mar 13, 2015",235400,29693,125883,106554,122514,64820,26418,17874.7
"Mar 20, 2015",233386,28758,125849,106596,120288,60333,27762,17874.7
"Mar 27, 2015",229128,27242,127174,106302,118608,66045,26740,17874.7
"Apr 03, 2015",229945,27456,126924,104958,116928,60270,29505,18093.2
"Apr 10, 2015",227873,26137,128941,104748,115668,62398,26649,18093.2
"Apr 17, 2015",225738,26735,129336,107940,116760,64295,26985,18093.2
"Apr 24, 2015",227451,26813,129270,111552,118062,62440,27951,18093.2
"May 01, 2015",227852,25957,130773,115458,119868,61495,27153,18093.2
"May 08, 2015",226710,25727,128270,116592,120876,64407,31668,18093.2
"May 15, 2015",223936,24829,127724,118734,121968,64827,29127,18093.2
"May 22, 2015",220627,25088,128839,119994,122388,68138,27685,18093.2
"May 29, 2015",220293,25780,132612,120246,122178,62846,24661,18093.2
"Jun 05, 2015",217354,25918,133477,120246,121128,67200,28805,18093.2
"Jun 12, 2015",217814,26338,133591,122556,120540,64232,28819,18093.2
"Jun 19, 2015",218494,25880,135428,121590,120078,67585,25256,18093.2
"Jun 26, 2015",216737,25743,135820,121170,119406,68117,27328,18093.2
"Jul 03, 2015",217952,26111,137461,120834,118944,66724,26558,18227.7
"Jul 10, 2015",218010,25399,141280,122640,118188,65828,24255,18227.7
"Jul 17, 2015",216285,25670,141515,121296,116844,68243,28028,18227.7
"Jul 24, 2015",215922,25687,144103,118986,114366,65373,25396,18227.7
"Jul 31, 2015",216733,24899,144812,116718,112056,67809,26460,18227.7
"Aug 07, 2015",215482,24222,147806,114240,109914,67802,24815,18227.7
"Aug 14, 2015",212774,25072,148400,117726,109830,67935,27265,18227.7
"Aug 21, 2015",214434,26475,149836,114492,107562,64323,25207,18227.7
"Aug 28, 2015",214163,26339,149951,109284,105588,66066,26327,18227.7
"Sep 04, 2015",214547,27556,150903,106344,106428,63119,24955,18227.7
"Sep 11, 2015",217387,26772,153963,103782,105714,62881,24374,18227.7
"Sep 18, 2015",218756,26714,151875,101850,104706,64505,30254,18227.7
"Sep 25, 2015",222010,28260,151608,101556,103992,63147,26334,18227.7
"Oct 02, 2015",223920,27648,149150,101430,104664,62706,29337,18287.2
"Oct 09, 2015",221302,27919,147630,102144,107352,63959,25326,18287.2
"Oct 16, 2015",219784,28205,145008,99708,106302,64099,26733,18287.2
"Oct 23, 2015",218647,28011,142057,97692,104916,65401,29827,18287.2
"Oct 30, 2015",215347,27467,140757,97524,104370,64288,28042,18287.2
"Nov 06, 2015",213245,27228,141109,98070,105084,65716,26691,18287.2
"Nov 13, 2015",214254,28233,140318,95802,104244,63378,29099,18287.2
"Nov 20, 2015",216732,28842,141364,92316,102690,62447,25900,18287.2
"Nov 27, 2015",216867,27878,144415,90930,101682,64967,25522,18287.2
"Dec 04, 2015",217653,26871,149413,90678,99918,65940,22876,18287.2
"Dec 11, 2015",219384,28165,151976,90048,98196,64540,24647,18287.2
"Dec 18, 2015",220495,26119,151315,89586,95928,64295,27965,18287.2
"Dec 25, 2015",221420,27161,153110,89922,93954,65765,25431,18287.2
"Jan 01, 2016",231996,28809,159418,89670,92862,57113,21238,18325.2
"Jan 08, 2016",240434,27794,165554,88368,91434,59500,19824,18325.2
"Jan 15, 2016",244997,27508,164529,84924,88704,63553,25746,18325.2
"Jan 22, 2016",248461,27696,160472,82530,86982,62587,28035,18325.2
"Jan 29, 2016",254399,27463,159695,81144,85302,58387,24668,18325.2
"Feb 05, 2016",255657,27446,160976,78540,84336,63854,22134,18325.2
"Feb 12, 2016",258693,27878,162375,77028,83160,64421,24374,18325.2
"Feb 19, 2016",256457,28182,160715,77154,83286,67032,25928,18325.2
"Feb 26, 2016",254989,27618,163597,79254,83538,63847,23548,18325.2
"Mar 04, 2016",250463,26365,162478,81606,84882,65877,25942,18325.2
"Mar 11, 2016",249716,27652,161343,86604,88158,66206,27090,18325.2
"Mar 18, 2016",245074,27011,162260,88578,88998,66521,23611,18325.2
"Mar 25, 2016",242560,26139,161185,91098,89082,64708,26936,18325.2
"Apr 01, 2016",243998,26873,162984,91770,88830,64568,25263,18538
"Apr 08, 2016",239761,24415,163489,91266,89376,67431,26971,18538
"Apr 15, 2016",239651,24825,159935,94080,90930,66108,29932,18538
"Apr 22, 2016",241259,24412,158240,95130,92316,65205,28854,18538
"Apr 29, 2016",241795,24876,156979,98364,95172,66514,27622,18538
"May 06, 2016",240564,24985,155332,97650,95382,67606,28098,18538
"May 13, 2016",238068,24305,152162,98490,96474,68285,30282,18538
"May 20, 2016",240111,24339,150878,100926,98994,66612,28616,18538
"May 27, 2016",238619,23456,149623,102480,100044,68012,26789,18538
"Jun 03, 2016",239629,25037,151377,104244,101094,66976,25032,18538
"Jun 10, 2016",237004,23569,152163,104958,102102,68334,26719,18538
"Jun 17, 2016",237631,25016,152314,103110,101892,68705,27314,18538
"Jun 24, 2016",238998,25167,150513,102144,101892,67963,27986,18538
"Jul 01, 2016",238876,24789,148939,100632,101766,68285,27531,18729.1
"Jul 08, 2016",240089,26659,152997,99078,101388,67697,22442,18729.1
"Jul 15, 2016",241000,26285,152783,98112,100884,68495,27440,18729.1
"Jul 22, 2016",241452,25649,152003,96138,99918,68579,26992,18729.1
"Jul 29, 2016",238190,24526,153155,95214,98616,68264,25235,18729.1
"Aug 05, 2016",235383,24286,151196,94752,97272,68383,27559,18729.1
"Aug 12, 2016",232659,25746,153135,94752,97020,68334,24416,18729.1
"Aug 19, 2016",232695,25897,153257,96558,99540,67613,26530,18729.1
"Aug 26, 2016",232004,25957,154753,98322,101178,66577,26866,18729.1
"Sep 02, 2016",227793,25495,158135,97818,101094,67165,25816,18729.1
"Sep 09, 2016",228360,25243,162754,97020,100758,65842,22932,18729.1
"Sep 16, 2016",225156,24180,164992,97986,100338,67550,24017,18729.1
"Sep 23, 2016",227183,25415,163077,98028,100044,62160,26404,18729.1
"Sep 30, 2016",227405,25301,160718,98868,100338,65730,27125,18729.1
"Oct 07, 2016",225498,24822,156972,100002,102690,64848,29862,18905.5
"Oct 14, 2016",227967,25949,155732,99414,104202,61586,27909,18905.5
"Oct 21, 2016",226011,25494,152378,98826,104076,63826,29162,18905.5
"Oct 28, 2016",223804,24615,150550,98322,104118,64281,27041,18905.5
"Nov 04, 2016",220963,25885,148602,98490,103740,64491,28301,18905.5
"Nov 11, 2016",221709,24968,148912,96516,102606,65513,27608,18905.5
"Nov 18, 2016",224026,23956,149239,95298,101682,63168,28847,18905.5
"Nov 25, 2016",226123,24354,154196,95256,101640,63560,26887,18905.5
"Dec 02, 2016",229548,26178,156697,97482,104160,61299,25928,18905.5
"Dec 09, 2016",230045,25628,155935,98574,104706,62118,28210,18905.5
"Dec 16, 2016",228736,26288,153515,99750,106134,64883,31843,18905.5
"Dec 23, 2016",227143,27122,151634,101598,106680,64946,27769,18905.5
"Dec 30, 2016",235450,27225,161685,104370,108612,59255,19544,18905.5
"Jan 06, 2017",240473,28802,170041,104832,109074,59290,22386,19057.7
"Jan 13, 2017",246424,29007,169073,103614,108570,56483,28665,19057.7
"Jan 20, 2017",253220,28651,169149,102312,107898,56273,25515,19057.7
"Jan 27, 2017",257086,27929,170717,101136,107604,58170,26663,19057.7
"Feb 03, 2017",256217,27806,170746,101010,107436,62587,27370,19057.7
"Feb 10, 2017",259063,28453,170057,101556,107730,59031,26971,19057.7
"Feb 17, 2017",256435,27939,165133,101388,108024,60641,30044,19057.7
"Feb 24, 2017",255889,27303,164208,101934,108234,60802,26691,19057.7
"Mar 03, 2017",249334,26174,161532,102984,108318,64876,28637,19057.7
"Mar 10, 2017",246279,24684,157303,102228,107688,64778,30863,19057.7
"Mar 17, 2017",243468,24591,155393,102186,106638,64400,28084,19057.7
"Mar 24, 2017",239721,23917,152910,101976,106344,66668,29554,19057.7
"Mar 31, 2017",239103,22031,152374,103782,107352,64715,28686,19057.7
"Apr 07, 2017",236130,21681,150221,106428,108444,64925,32445,19250
"Apr 14, 2017",237672,21507,148266,106932,109074,64561,29239,19250
"Apr 21, 2017",241041,21596,150917,107478,108990,64442,25669,19250
"Apr 28, 2017",241232,21220,150355,105924,108486,64092,29792,19250
"May 05, 2017",241082,21361,148768,104328,107730,65856,28973,19250
"May 12, 2017",240669,21905,146824,104202,106848,66164,29505,19250
"May 19, 2017",239882,21665,146339,105420,106638,67928,30513,19250
"May 26, 2017",237024,21560,146733,105672,107982,68754,28175,19250
"Jun 02, 2017",240348,22316,151088,106050,107688,65219,24535,19250
"Jun 09, 2017",242444,22761,151416,104118,106008,64883,28315,19250
"Jun 16, 2017",241866,21280,152495,102186,104538,68712,29106,19250
"Jun 23, 2017",240972,22599,152272,100968,103530,66766,28203,19250
"Jun 30, 2017",237303,22299,150422,99792,103824,67935,30254,19250
"Jul 07, 2017",235656,23643,153553,101262,104202,68502,27006,19495.5
"Jul 14, 2017",231211,23228,151416,100464,104622,67144,30338,19495.5
"Jul 21, 2017",230196,23173,149564,101892,105294,68747,30632,19495.5
"Jul 28, 2017",227679,22834,149414,103614,106302,68894,28980,19495.5
"Aug 04, 2017",231103,23576,147685,104664,108402,68579,31570,19495.5
"Aug 11, 2017",231125,22846,148387,104874,109116,66654,29554,19495.5
"Aug 18, 2017",229902,24625,148415,103908,109032,67403,28539,19495.5
"Aug 25, 2017",229937,24850,149163,105546,109410,68922,27370,19495.5
"Sep 01, 2017",226738,25151,147767,117348,115836,64141,28441,19495.5
"Sep 08, 2017",218310,23763,144552,117600,117684,67333,28399,19495.5
"Sep 15, 2017",216185,22760,138859,115500,117222,66087,29848,19495.5
"Sep 22, 2017",217292,21286,138045,113442,117096,66654,26222,19495.5
"Sep 29, 2017",218936,21995,135439,112644,117264,64687,28049,19495.5
"Oct 06, 2017",221426,21374,133959,110124,116592,66360,25536,NA
"Oct 13, 2017",222334,23816,134487,109410,117054,63952,24339,NA
"Oct 20, 2017",216869,22083,129241,108948,117474,65198,28707,NA
"Oct 27, 2017",212849,21882,128921,109284,118398,66227,24738,NA
"Nov 03, 2017",209537,22198,125562,112266,121044,66472,31402,NA
"Nov 10, 2017",210431,21143,124763,113652,122430,64204,28203,NA
"Nov 17, 2017",210475,21810,125032,112686,122304,67165,28399,NA
"Nov 24, 2017",214102,23862,127779,111216,122892,61068,27174,NA
"Dec 01, 2017",220882,23706,129446,109914,122724,62265,26159,NA
"Dec 08, 2017",226546,26082,128076,109242,122220,63637,30660,NA
"Dec 15, 2017",227783,24988,128845,107856,121842,65982,27482,NA
"Dec 22, 2017",228374,24346,129935,108738,121926,66395,30282,NA
"Dec 29, 2017",233187,24987,138834,110754,124866,60550,25116,NA
"Jan 05, 2018",237322,24375,143088,110838,125832,61698,25585,NA
"Jan 12, 2018",240942,25124,139201,112266,127176,60676,33166,NA
"Jan 19, 2018",244040,24019,139840,112728,127050,60879,26929,NA
"Jan 26, 2018",242060,23449,137900,114366,128940,63308,31290,NA
"Feb 02, 2018",245474,24511,141826,115626,129612,63770,26446,NA
"Feb 09, 2018",249073,24182,141367,114408,128646,63413,28574,NA
"Feb 16, 2018",249334,25891,138945,112392,127134,63014,29568,NA
"Feb 23, 2018",251817,25921,137985,111972,126294,62020,27447,NA
"Mar 02, 2018",251029,25169,137426,112518,125664,64932,27482,NA
"Mar 09, 2018",244758,24215,133066,112434,124992,67494,26824,NA
"Mar 16, 2018",243065,24533,131044,114072,124824,65268,27419,NA
"Mar 23, 2018",239593,24577,128954,116088,126420,64456,30625,NA
"Mar 30, 2018",238477,24259,129491,118314,127764,64421,27209,NA
"Apr 06, 2018",238935,25014,128447,118062,127806,64911,29190,NA
"Apr 13, 2018",235967,23168,125340,120246,130368,68999,30492,NA
